instance,tag,solver,makespan,norm_makespan,soc,norm_soc,total_moves,norm_total_moves,exec_time,satisfied
X3Y3R1.1,0,IS,2,1.0,2,1.0,4,2.0,0.018855999999999984,True
X3Y3R1.1,0,PP,2,1.0,2,1.0,2,1.0,0.005722800000000028,True
X3Y3R1.1,0,CBS-SOC,2,1.0,2,1.0,2,1.0,0.010985100000000081,True
X3Y3R1.1,0,GICBS-SOC,2,1.0,2,1.0,2,1.0,0.009758600000000062,True
X3Y3R1.1,0,ICBS-SOC,2,1.0,2,1.0,2,1.0,0.009558000000000066,True
X3Y3R1.1,0,MCBS-SOC,2,1.0,2,1.0,2,1.0,0.010580900000000004,True
X3Y3R1.1,0,MICBS-SOC,2,1.0,2,1.0,2,1.0,0.011419300000000021,True
X3Y3R1.1,0,CBS-MS,2,1.0,2,1.0,2,1.0,0.011183999999999972,True
X3Y3R1.1,0,GICBS-MS,2,1.0,2,1.0,2,1.0,0.00954099999999991,True
X3Y3R1.1,0,ICBS-MS,2,1.0,2,1.0,2,1.0,0.008879700000000046,True
X3Y3R1.1,0,MCBS-MS,2,1.0,2,1.0,2,1.0,0.00938810000000001,True
X3Y3R1.1,0,MICBS-MS,2,1.0,2,1.0,2,1.0,0.011313599999999924,True
X3Y3R1.2,0,IS,2,1.0,2,1.0,4,2.0,0.015160400000000074,True
X3Y3R1.2,0,PP,2,1.0,2,1.0,2,1.0,0.005666599999999966,True
X3Y3R1.2,0,CBS-SOC,2,1.0,2,1.0,2,1.0,0.010433600000000043,True
X3Y3R1.2,0,GICBS-SOC,2,1.0,2,1.0,2,1.0,0.009945399999999993,True
X3Y3R1.2,0,ICBS-SOC,2,1.0,2,1.0,2,1.0,0.009357100000000007,True
X3Y3R1.2,0,MCBS-SOC,2,1.0,2,1.0,2,1.0,0.009273700000000051,True
X3Y3R1.2,0,MICBS-SOC,2,1.0,2,1.0,2,1.0,0.01046170000000013,True
X3Y3R1.2,0,CBS-MS,2,1.0,2,1.0,2,1.0,0.011252299999999993,True
X3Y3R1.2,0,GICBS-MS,2,1.0,2,1.0,2,1.0,0.01193159999999982,True
X3Y3R1.2,0,ICBS-MS,2,1.0,2,1.0,2,1.0,0.009988399999999897,True
X3Y3R1.2,0,MCBS-MS,2,1.0,2,1.0,2,1.0,0.010141900000000037,True
X3Y3R1.2,0,MICBS-MS,2,1.0,2,1.0,2,1.0,0.00901430000000003,True
X3Y3R1.3,0,IS,2,1.0,2,1.0,4,2.0,0.017452000000000023,True
X3Y3R1.3,0,PP,2,1.0,2,1.0,2,1.0,0.005477000000000176,True
X3Y3R1.3,0,CBS-SOC,2,1.0,2,1.0,2,1.0,0.011001999999999956,True
X3Y3R1.3,0,GICBS-SOC,2,1.0,2,1.0,2,1.0,0.011236300000000199,True
X3Y3R1.3,0,ICBS-SOC,2,1.0,2,1.0,2,1.0,0.010512199999999972,True
X3Y3R1.3,0,MCBS-SOC,2,1.0,2,1.0,2,1.0,0.011884200000000122,True
X3Y3R1.3,0,MICBS-SOC,2,1.0,2,1.0,2,1.0,0.010653800000000047,True
X3Y3R1.3,0,CBS-MS,2,1.0,2,1.0,2,1.0,0.012206200000000056,True
X3Y3R1.3,0,GICBS-MS,2,1.0,2,1.0,2,1.0,0.010589799999999983,True
X3Y3R1.3,0,ICBS-MS,2,1.0,2,1.0,2,1.0,0.012211599999999878,True
X3Y3R1.3,0,MCBS-MS,2,1.0,2,1.0,2,1.0,0.011833800000000005,True
X3Y3R1.3,0,MICBS-MS,2,1.0,2,1.0,2,1.0,0.01169690000000001,True
X3Y3R1.4,0,IS,2,1.0,2,1.0,4,2.0,0.016753600000000146,True
X3Y3R1.4,0,PP,2,1.0,2,1.0,2,1.0,0.006740299999999921,True
X3Y3R1.4,0,CBS-SOC,2,1.0,2,1.0,2,1.0,0.011066100000000079,True
X3Y3R1.4,0,GICBS-SOC,2,1.0,2,1.0,2,1.0,0.012126599999999987,True
X3Y3R1.4,0,ICBS-SOC,2,1.0,2,1.0,2,1.0,0.010878300000000118,True
X3Y3R1.4,0,MCBS-SOC,2,1.0,2,1.0,2,1.0,0.011134699999999942,True
X3Y3R1.4,0,MICBS-SOC,2,1.0,2,1.0,2,1.0,0.011025900000000144,True
X3Y3R1.4,0,CBS-MS,2,1.0,2,1.0,2,1.0,0.011018299999999925,True
X3Y3R1.4,0,GICBS-MS,2,1.0,2,1.0,2,1.0,0.010413000000000006,True
X3Y3R1.4,0,ICBS-MS,2,1.0,2,1.0,2,1.0,0.010694500000000051,True
X3Y3R1.4,0,MCBS-MS,2,1.0,2,1.0,2,1.0,0.01297959999999998,True
X3Y3R1.4,0,MICBS-MS,2,1.0,2,1.0,2,1.0,0.011082599999999942,True
X3Y3R2.1,0,IS,2,1.0,3,1.5,4,2.0,0.01771379999999989,True
X3Y3R2.1,0,PP,2,1.0,2,1.0,2,1.0,0.006560300000000074,True
X3Y3R2.1,0,CBS-SOC,2,1.0,2,1.0,2,1.0,0.014154100000000058,True
X3Y3R2.1,0,GICBS-SOC,2,1.0,2,1.0,2,1.0,0.0123918999999999,True
X3Y3R2.1,0,ICBS-SOC,2,1.0,2,1.0,2,1.0,0.013161599999999885,True
X3Y3R2.1,0,MCBS-SOC,2,1.0,2,1.0,2,1.0,0.013156399999999957,True
X3Y3R2.1,0,MICBS-SOC,2,1.0,2,1.0,2,1.0,0.013743999999999978,True
X3Y3R2.1,0,CBS-MS,2,1.0,2,1.0,2,1.0,0.012273200000000095,True
X3Y3R2.1,0,GICBS-MS,2,1.0,2,1.0,2,1.0,0.011311999999999989,True
X3Y3R2.1,0,ICBS-MS,2,1.0,2,1.0,2,1.0,0.011844500000000036,True
X3Y3R2.1,0,MCBS-MS,2,1.0,2,1.0,2,1.0,0.011535899999999932,True
X3Y3R2.1,0,MICBS-MS,2,1.0,2,1.0,2,1.0,0.012469600000000192,True
X3Y3R2.2,0,IS,2,1.0,3,1.5,4,2.0,0.019855200000000073,True
X3Y3R2.2,0,PP,2,1.0,2,1.0,2,1.0,0.008030200000000098,True
X3Y3R2.2,0,CBS-SOC,2,1.0,2,1.0,2,1.0,0.02167399999999997,True
X3Y3R2.2,0,GICBS-SOC,2,1.0,2,1.0,2,1.0,0.020657399999999937,True
X3Y3R2.2,0,ICBS-SOC,2,1.0,2,1.0,2,1.0,0.021705400000000097,True
X3Y3R2.2,0,MCBS-SOC,2,1.0,2,1.0,2,1.0,0.020166499999999976,True
X3Y3R2.2,0,MICBS-SOC,2,1.0,2,1.0,2,1.0,0.018979800000000102,True
X3Y3R2.2,0,CBS-MS,2,1.0,2,1.0,2,1.0,0.01955030000000013,True
X3Y3R2.2,0,GICBS-MS,2,1.0,2,1.0,2,1.0,0.0221981,True
X3Y3R2.2,0,ICBS-MS,2,1.0,2,1.0,2,1.0,0.01953999999999989,True
X3Y3R2.2,0,MCBS-MS,2,1.0,2,1.0,2,1.0,0.02054429999999985,True
X3Y3R2.2,0,MICBS-MS,2,1.0,2,1.0,2,1.0,0.023733500000000074,True
X3Y3R2.3,0,IS,4,1.3333333333333333,7,1.4,5,1.0,0.0305515999999999,True
X3Y3R2.3,0,PP,3,1.0,5,1.0,5,1.0,0.01543490000000003,True
X3Y3R2.3,0,CBS-SOC,3,1.0,5,1.0,5,1.0,0.02801180000000003,True
X3Y3R2.3,0,GICBS-SOC,3,1.0,5,1.0,5,1.0,0.025463399999999803,True
X3Y3R2.3,0,ICBS-SOC,3,1.0,5,1.0,5,1.0,0.024959600000000304,True
X3Y3R2.3,0,MCBS-SOC,3,1.0,5,1.0,5,1.0,0.027805099999999694,True
X3Y3R2.3,0,MICBS-SOC,3,1.0,5,1.0,5,1.0,0.02802149999999992,True
X3Y3R2.3,0,CBS-MS,3,1.0,5,1.0,5,1.0,0.02828099999999978,True
X3Y3R2.3,0,GICBS-MS,3,1.0,5,1.0,5,1.0,0.027862400000000065,True
X3Y3R2.3,0,ICBS-MS,3,1.0,5,1.0,5,1.0,0.028511799999999976,True
X3Y3R2.3,0,MCBS-MS,3,1.0,5,1.0,5,1.0,0.02500839999999993,True
X3Y3R2.3,0,MICBS-MS,3,1.0,5,1.0,5,1.0,0.027936700000000148,True
X3Y3R2.4,0,IS,3,1.0,5,1.25,8,2.0,0.01954710000000004,True
X3Y3R2.4,0,PP,3,1.0,4,1.0,4,1.0,0.013271399999999822,True
X3Y3R2.4,0,CBS-SOC,3,1.0,4,1.0,4,1.0,0.016159800000000057,True
X3Y3R2.4,0,GICBS-SOC,3,1.0,4,1.0,4,1.0,0.01652119999999968,True
X3Y3R2.4,0,ICBS-SOC,3,1.0,4,1.0,4,1.0,0.016597899999999832,True
X3Y3R2.4,0,MCBS-SOC,3,1.0,4,1.0,4,1.0,0.019428200000000118,True
X3Y3R2.4,0,MICBS-SOC,3,1.0,4,1.0,4,1.0,0.015731699999999904,True
X3Y3R2.4,0,CBS-MS,3,1.0,4,1.0,4,1.0,0.015112499999999862,True
X3Y3R2.4,0,GICBS-MS,3,1.0,4,1.0,4,1.0,0.02002050000000022,True
X3Y3R2.4,0,ICBS-MS,3,1.0,4,1.0,4,1.0,0.0168860000000004,True
X3Y3R2.4,0,MCBS-MS,3,1.0,4,1.0,4,1.0,0.015429999999999833,True
X3Y3R2.4,0,MICBS-MS,3,1.0,4,1.0,4,1.0,0.014866099999999882,True
X3Y3R3.1,0,IS,2,1.0,5,1.0,10,2.0,0.024277399999999894,True
X3Y3R3.1,0,PP,2,1.0,5,1.0,5,1.0,0.015624099999999697,True
X3Y3R3.1,0,CBS-SOC,2,1.0,5,1.0,5,1.0,0.020734800000000053,True
X3Y3R3.1,0,GICBS-SOC,2,1.0,5,1.0,5,1.0,0.01909380000000027,True
X3Y3R3.1,0,ICBS-SOC,2,1.0,5,1.0,5,1.0,0.022787699999999855,True
X3Y3R3.1,0,MCBS-SOC,2,1.0,5,1.0,5,1.0,0.02082890000000015,True
X3Y3R3.1,0,MICBS-SOC,2,1.0,5,1.0,5,1.0,0.021041300000000263,True
X3Y3R3.1,0,CBS-MS,2,1.0,5,1.0,5,1.0,0.021897899999999915,True
X3Y3R3.1,0,GICBS-MS,2,1.0,5,1.0,5,1.0,0.019055999999999962,True
X3Y3R3.1,0,ICBS-MS,2,1.0,5,1.0,5,1.0,0.02163830000000022,True
X3Y3R3.1,0,MCBS-MS,2,1.0,5,1.0,5,1.0,0.02023280000000005,True
X3Y3R3.1,0,MICBS-MS,2,1.0,5,1.0,5,1.0,0.02133509999999994,True
X3Y3R3.2,0,IS,3,1.0,7,1.1666666666666667,12,2.0,0.025743799999999872,True
X3Y3R3.2,0,PP,3,1.0,6,1.0,6,1.0,0.016721200000000103,True
X3Y3R3.2,0,CBS-SOC,3,1.0,6,1.0,6,1.0,0.022583599999999926,True
X3Y3R3.2,0,GICBS-SOC,3,1.0,6,1.0,6,1.0,0.02519999999999989,True
X3Y3R3.2,0,ICBS-SOC,3,1.0,6,1.0,6,1.0,0.02526079999999986,True
X3Y3R3.2,0,MCBS-SOC,3,1.0,6,1.0,6,1.0,0.023916700000000013,True
X3Y3R3.2,0,MICBS-SOC,3,1.0,6,1.0,6,1.0,0.02617450000000021,True
X3Y3R3.2,0,CBS-MS,3,1.0,6,1.0,6,1.0,0.02572540000000023,True
X3Y3R3.2,0,GICBS-MS,3,1.0,6,1.0,6,1.0,0.024490899999999982,True
X3Y3R3.2,0,ICBS-MS,3,1.0,6,1.0,6,1.0,0.021696399999999727,True
X3Y3R3.2,0,MCBS-MS,3,1.0,6,1.0,6,1.0,0.02093609999999968,True
X3Y3R3.2,0,MICBS-MS,3,1.0,6,1.0,6,1.0,0.024022999999999683,True
X3Y3R3.3,0,IS,3,1.0,7,1.1666666666666667,12,2.0,0.026712499999999917,True
X3Y3R3.3,0,PP,3,1.0,6,1.0,6,1.0,0.014733399999999897,True
X3Y3R3.3,0,CBS-SOC,3,1.0,6,1.0,6,1.0,0.024354999999999905,True
X3Y3R3.3,0,GICBS-SOC,3,1.0,6,1.0,6,1.0,0.0212627000000003,True
X3Y3R3.3,0,ICBS-SOC,3,1.0,6,1.0,6,1.0,0.024866100000000113,True
X3Y3R3.3,0,MCBS-SOC,3,1.0,6,1.0,6,1.0,0.022004499999999982,True
X3Y3R3.3,0,MICBS-SOC,3,1.0,6,1.0,6,1.0,0.023224799999999934,True
X3Y3R3.3,0,CBS-MS,3,1.0,6,1.0,6,1.0,0.02292840000000007,True
X3Y3R3.3,0,GICBS-MS,3,1.0,6,1.0,6,1.0,0.023645000000000138,True
X3Y3R3.3,0,ICBS-MS,3,1.0,6,1.0,6,1.0,0.023681700000000028,True
X3Y3R3.3,0,MCBS-MS,3,1.0,6,1.0,6,1.0,0.022456499999999657,True
X3Y3R3.3,0,MICBS-MS,3,1.0,6,1.0,6,1.0,0.025642400000000176,True
X3Y3R3.4,0,IS,3,1.0,7,1.1666666666666667,12,2.0,0.028040000000000287,True
X3Y3R3.4,0,PP,3,1.0,6,1.0,6,1.0,0.02074240000000005,True
X3Y3R3.4,0,CBS-SOC,3,1.0,6,1.0,6,1.0,0.021129500000000245,True
X3Y3R3.4,0,GICBS-SOC,3,1.0,6,1.0,6,1.0,0.02263649999999995,True
X3Y3R3.4,0,ICBS-SOC,3,1.0,6,1.0,6,1.0,0.02397070000000001,True
X3Y3R3.4,0,MCBS-SOC,3,1.0,6,1.0,6,1.0,0.023492400000000302,True
X3Y3R3.4,0,MICBS-SOC,3,1.0,6,1.0,6,1.0,0.022464499999999887,True
X3Y3R3.4,0,CBS-MS,3,1.0,6,1.0,6,1.0,0.022623000000000282,True
X3Y3R3.4,0,GICBS-MS,3,1.0,6,1.0,6,1.0,0.024850999999999956,True
X3Y3R3.4,0,ICBS-MS,3,1.0,6,1.0,6,1.0,0.021791299999999847,True
X3Y3R3.4,0,MCBS-MS,3,1.0,6,1.0,6,1.0,0.022328600000000254,True
X3Y3R3.4,0,MICBS-MS,3,1.0,6,1.0,6,1.0,0.024158400000000135,True
X3Y3R4.1,0,IS,2,1.0,5,1.0,10,2.0,0.026160099999999797,True
X3Y3R4.1,0,PP,2,1.0,5,1.0,5,1.0,0.01706310000000011,True
X3Y3R4.1,0,CBS-SOC,2,1.0,5,1.0,5,1.0,0.021462500000000162,True
X3Y3R4.1,0,GICBS-SOC,2,1.0,5,1.0,5,1.0,0.025208600000000025,True
X3Y3R4.1,0,ICBS-SOC,2,1.0,5,1.0,5,1.0,0.022782499999999928,True
X3Y3R4.1,0,MCBS-SOC,2,1.0,5,1.0,5,1.0,0.023504299999999922,True
X3Y3R4.1,0,MICBS-SOC,2,1.0,5,1.0,5,1.0,0.023173499999999958,True
X3Y3R4.1,0,CBS-MS,2,1.0,5,1.0,5,1.0,0.024001600000000067,True
X3Y3R4.1,0,GICBS-MS,2,1.0,5,1.0,5,1.0,0.023453600000000296,True
X3Y3R4.1,0,ICBS-MS,2,1.0,5,1.0,5,1.0,0.024541900000000005,True
X3Y3R4.1,0,MCBS-MS,2,1.0,5,1.0,5,1.0,0.02037800000000045,True
X3Y3R4.1,0,MICBS-MS,2,1.0,5,1.0,5,1.0,0.02186259999999951,True
X3Y3R4.2,0,IS,2,1.0,7,1.4,5,1.0,0.03244299999999978,True
X3Y3R4.2,0,PP,2,1.0,6,1.2,5,1.0,0.01782489999999992,True
X3Y3R4.2,0,CBS-SOC,2,1.0,6,1.2,5,1.0,0.03790509999999969,True
X3Y3R4.2,0,GICBS-SOC,2,1.0,6,1.2,5,1.0,0.03775010000000023,True
X3Y3R4.2,0,ICBS-SOC,2,1.0,6,1.2,5,1.0,0.03733349999999991,True
X3Y3R4.2,0,MCBS-SOC,2,1.0,6,1.2,5,1.0,0.03538100000000011,True
X3Y3R4.2,0,MICBS-SOC,2,1.0,6,1.2,5,1.0,0.0373714000000005,True
X3Y3R4.2,0,CBS-MS,2,1.0,6,1.2,5,1.0,0.03799370000000035,True
X3Y3R4.2,0,GICBS-MS,2,1.0,6,1.2,5,1.0,0.036363199999999374,True
X3Y3R4.2,0,ICBS-MS,2,1.0,6,1.2,5,1.0,0.039114499999999275,True
X3Y3R4.2,0,MCBS-MS,2,1.0,6,1.2,5,1.0,0.03825959999999995,True
X3Y3R4.2,0,MICBS-MS,2,1.0,6,1.2,5,1.0,0.037255800000000505,True
X3Y3R4.3,0,IS,4,1.3333333333333333,13,1.625,8,1.0,1.1044228999999994,True
X3Y3R4.3,0,PP,3,1.0,10,1.25,10,1.25,0.023598100000000066,True
X3Y3R4.3,0,CBS-SOC,4,1.3333333333333333,12,1.5,12,1.5,1.9186142999999998,True
X3Y3R4.3,0,GICBS-SOC,6,2.0,12,1.5,12,1.5,1.6201491000000008,True
X3Y3R4.3,0,ICBS-SOC,6,2.0,12,1.5,12,1.5,2.1935247999999987,True
X3Y3R4.3,0,MCBS-SOC,4,1.3333333333333333,13,1.625,12,1.5,0.4106792000000006,True
X3Y3R4.3,0,MICBS-SOC,3,1.0,10,1.25,10,1.25,0.1612910999999997,True
X3Y3R4.3,0,CBS-MS,4,1.3333333333333333,10,1.25,8,1.0,300.0121729,False
X3Y3R4.3,0,GICBS-MS,6,2.0,14,1.75,12,1.5,1.5801460000000134,True
X3Y3R4.3,0,ICBS-MS,3,1.0,8,1.0,8,1.0,300.02068820000005,False
X3Y3R4.3,0,MCBS-MS,4,1.3333333333333333,12,1.5,12,1.5,0.500746900000081,True
X3Y3R4.3,0,MICBS-MS,3,1.0,10,1.25,10,1.25,0.16730180000001837,True
X3Y3R4.4,0,IS,5,1.6666666666666667,17,1.4166666666666667,12,1.0,0.059386399999993955,True
X3Y3R4.4,0,PP,4,1.3333333333333333,13,1.0833333333333333,12,1.0,0.03288210000005165,True
X3Y3R4.4,0,CBS-SOC,3,1.0,12,1.0,12,1.0,0.08470220000003792,True
X3Y3R4.4,0,GICBS-SOC,3,1.0,12,1.0,12,1.0,0.08142529999997805,True
X3Y3R4.4,0,ICBS-SOC,3,1.0,12,1.0,12,1.0,0.08767909999994572,True
X3Y3R4.4,0,MCBS-SOC,3,1.0,12,1.0,12,1.0,0.10780959999999595,True
X3Y3R4.4,0,MICBS-SOC,3,1.0,12,1.0,12,1.0,0.07630440000002636,True
X3Y3R4.4,0,CBS-MS,3,1.0,12,1.0,12,1.0,0.06682200000000194,True
X3Y3R4.4,0,GICBS-MS,3,1.0,12,1.0,12,1.0,0.08915620000004765,True
X3Y3R4.4,0,ICBS-MS,3,1.0,12,1.0,12,1.0,0.07326109999996788,True
X3Y3R4.4,0,MCBS-MS,3,1.0,12,1.0,12,1.0,0.07391179999990527,True
X3Y3R4.4,0,MICBS-MS,3,1.0,12,1.0,12,1.0,0.07684999999992215,True
X3Y3R5.1,0,IS,46,11.5,223,24.77777777777778,11,1.2222222222222223,2.5747001999999384,False
X3Y3R5.1,0,PP,4,1.0,9,1.0,9,1.0,0.021493700000064564,True
X3Y3R5.1,0,CBS-SOC,4,1.0,9,1.0,9,1.0,0.042781899999909,True
X3Y3R5.1,0,GICBS-SOC,4,1.0,9,1.0,9,1.0,0.04168649999996887,True
X3Y3R5.1,0,ICBS-SOC,4,1.0,9,1.0,9,1.0,0.04539260000001377,True
X3Y3R5.1,0,MCBS-SOC,4,1.0,9,1.0,9,1.0,0.04173890000004121,True
X3Y3R5.1,0,MICBS-SOC,4,1.0,9,1.0,9,1.0,0.042799999999942884,True
X3Y3R5.1,0,CBS-MS,4,1.0,9,1.0,9,1.0,0.04076190000000679,True
X3Y3R5.1,0,GICBS-MS,4,1.0,9,1.0,9,1.0,0.04536580000001322,True
X3Y3R5.1,0,ICBS-MS,4,1.0,9,1.0,9,1.0,0.04329979999999978,True
X3Y3R5.1,0,MCBS-MS,4,1.0,9,1.0,9,1.0,0.044140200000015284,True
X3Y3R5.1,0,MICBS-MS,4,1.0,9,1.0,9,1.0,0.044467999999938,True
X3Y3R5.2,0,IS,26,8.666666666666666,129,12.9,12,1.2,2.1545445000000427,False
X3Y3R5.2,0,PP,3,1.0,10,1.0,10,1.0,0.025092099999938,True
X3Y3R5.2,0,CBS-SOC,3,1.0,11,1.1,10,1.0,300.0146793,False
X3Y3R5.2,0,GICBS-SOC,3,1.0,10,1.0,10,1.0,300.06882769999993,False
X3Y3R5.2,0,ICBS-SOC,3,1.0,10,1.0,10,1.0,300.0170165999998,False
X3Y3R5.2,0,MCBS-SOC,3,1.0,8,0.8,8,0.8,0.08880469999985507,True
X3Y3R5.2,0,MICBS-SOC,4,1.3333333333333333,15,1.5,10,1.0,0.20333350000009887,True
X3Y3R5.2,0,CBS-MS,3,1.0,11,1.1,10,1.0,300.0767306,False
X3Y3R5.2,0,GICBS-MS,3,1.0,10,1.0,10,1.0,300.06449290000023,False
X3Y3R5.2,0,ICBS-MS,3,1.0,10,1.0,10,1.0,300.01342190000014,False
X3Y3R5.2,0,MCBS-MS,3,1.0,8,0.8,8,0.8,0.0944761999999173,True
X3Y3R5.2,0,MICBS-MS,4,1.3333333333333333,15,1.5,10,1.0,0.20440069999995103,True
X3Y3R5.3,0,IS,34,11.333333333333334,164,12.615384615384615,19,1.4615384615384615,3.115052999999989,False
X3Y3R5.3,0,PP,4,1.3333333333333333,15,1.1538461538461537,13,1.0,0.08993050000026415,True
X3Y3R5.3,0,CBS-SOC,3,1.0,14,1.0769230769230769,13,1.0,0.14494509999985894,True
X3Y3R5.3,0,GICBS-SOC,3,1.0,14,1.0769230769230769,13,1.0,0.1276124000000891,True
X3Y3R5.3,0,ICBS-SOC,3,1.0,14,1.0769230769230769,13,1.0,0.15768470000011803,True
X3Y3R5.3,0,MCBS-SOC,3,1.0,14,1.0769230769230769,13,1.0,0.13836529999980485,True
X3Y3R5.3,0,MICBS-SOC,3,1.0,14,1.0769230769230769,13,1.0,0.224432799999704,True
X3Y3R5.3,0,CBS-MS,3,1.0,14,1.0769230769230769,13,1.0,0.12690499999962412,True
X3Y3R5.3,0,GICBS-MS,3,1.0,14,1.0769230769230769,13,1.0,0.13748450000002777,True
X3Y3R5.3,0,ICBS-MS,3,1.0,14,1.0769230769230769,13,1.0,0.12974749999966662,True
X3Y3R5.3,0,MCBS-MS,3,1.0,14,1.0769230769230769,13,1.0,0.13310090000004493,True
X3Y3R5.3,0,MICBS-MS,3,1.0,14,1.0769230769230769,13,1.0,0.2294798000002629,True
X3Y3R5.4,0,IS,44,14.666666666666666,215,21.5,16,1.6,7.187952499999938,False
X3Y3R5.4,0,PP,3,1.0,12,1.2,10,1.0,0.029776599999877362,True
X3Y3R5.4,0,CBS-SOC,4,1.3333333333333333,13,1.3,12,1.2,0.47667790000014065,True
X3Y3R5.4,0,GICBS-SOC,5,1.6666666666666667,16,1.6,12,1.2,1.8211833000000297,True
X3Y3R5.4,0,ICBS-SOC,4,1.3333333333333333,13,1.3,12,1.2,0.5789217000001372,True
X3Y3R5.4,0,MCBS-SOC,4,1.3333333333333333,13,1.3,12,1.2,0.3792011000000457,True
X3Y3R5.4,0,MICBS-SOC,3,1.0,11,1.1,10,1.0,0.25811990000011065,True
X3Y3R5.4,0,CBS-MS,4,1.3333333333333333,16,1.6,10,1.0,1.0143159000003834,True
X3Y3R5.4,0,GICBS-MS,5,1.6666666666666667,20,2.0,14,1.4,0.6919248999997762,True
X3Y3R5.4,0,ICBS-MS,4,1.3333333333333333,16,1.6,10,1.0,0.9638176000003114,True
X3Y3R5.4,0,MCBS-MS,4,1.3333333333333333,13,1.3,12,1.2,0.20213490000014644,True
X3Y3R5.4,0,MICBS-MS,3,1.0,11,1.1,10,1.0,0.22403169999961392,True
X3Y3R6.1,0,IS,23,7.666666666666667,136,15.11111111111111,9,1.0,2.2044362000001456,False
X3Y3R6.1,0,PP,inf,inf,inf,inf,7,0.7777777777777778,0.49747359999992113,False
X3Y3R6.1,0,CBS-SOC,3,1.0,14,1.5555555555555556,13,1.4444444444444444,2.6200082999998813,True
X3Y3R6.1,0,GICBS-SOC,inf,inf,inf,inf,8,0.8888888888888888,2.0656622999999854,True
X3Y3R6.1,0,ICBS-SOC,3,1.0,14,1.5555555555555556,13,1.4444444444444444,2.931803299999956,True
X3Y3R6.1,0,MCBS-SOC,4,1.3333333333333333,19,2.111111111111111,15,1.6666666666666667,0.8375465999997687,True
X3Y3R6.1,0,MICBS-SOC,3,1.0,17,1.8888888888888888,15,1.6666666666666667,0.6024268999999549,True
X3Y3R6.1,0,CBS-MS,3,1.0,17,1.8888888888888888,13,1.4444444444444444,0.5643350000000282,True
X3Y3R6.1,0,GICBS-MS,3,1.0,15,1.6666666666666667,11,1.2222222222222223,0.5181738000001133,True
X3Y3R6.1,0,ICBS-MS,3,1.0,15,1.6666666666666667,11,1.2222222222222223,0.8409173999998529,True
X3Y3R6.1,0,MCBS-MS,3,1.0,17,1.8888888888888888,15,1.6666666666666667,0.30711750000000393,True
X3Y3R6.1,0,MICBS-MS,3,1.0,17,1.8888888888888888,15,1.6666666666666667,0.44420979999995325,True
X3Y3R6.2,0,IS,19,6.333333333333333,111,11.1,10,1.0,2.124750899999981,False
X3Y3R6.2,0,PP,5,1.6666666666666667,20,2.0,18,1.8,0.04512579999982336,True
X3Y3R6.2,0,CBS-SOC,4,1.3333333333333333,14,1.4,12,1.2,0.7859730000000127,True
X3Y3R6.2,0,GICBS-SOC,inf,inf,inf,inf,11,1.1,0.6818298000002869,True
X3Y3R6.2,0,ICBS-SOC,4,1.3333333333333333,14,1.4,12,1.2,0.9718118999999206,True
X3Y3R6.2,0,MCBS-SOC,4,1.3333333333333333,14,1.4,12,1.2,0.38678600000002916,True
X3Y3R6.2,0,MICBS-SOC,4,1.3333333333333333,16,1.6,14,1.4,0.22401199999967503,True
X3Y3R6.2,0,CBS-MS,4,1.3333333333333333,16,1.6,14,1.4,7.459684200000083,True
X3Y3R6.2,0,GICBS-MS,5,1.6666666666666667,17,1.7,12,1.2,0.602031800000077,True
X3Y3R6.2,0,ICBS-MS,5,1.6666666666666667,20,2.0,16,1.6,7.980231000000003,True
X3Y3R6.2,0,MCBS-MS,4,1.3333333333333333,15,1.5,12,1.2,0.17258050000009462,True
X3Y3R6.2,0,MICBS-MS,4,1.3333333333333333,16,1.6,14,1.4,0.2597083000000566,True
X3Y3R6.3,0,IS,6,2.0,31,1.9375,16,1.0,0.08457999999973254,True
X3Y3R6.3,0,PP,5,1.6666666666666667,21,1.3125,20,1.25,0.05348309999999401,True
X3Y3R6.3,0,CBS-SOC,3,1.0,17,1.0625,16,1.0,0.15115599999990081,True
X3Y3R6.3,0,GICBS-SOC,3,1.0,17,1.0625,16,1.0,0.1322627999998076,True
X3Y3R6.3,0,ICBS-SOC,3,1.0,17,1.0625,16,1.0,0.1644205999996302,True
X3Y3R6.3,0,MCBS-SOC,3,1.0,17,1.0625,16,1.0,0.1709270999999717,True
X3Y3R6.3,0,MICBS-SOC,3,1.0,17,1.0625,16,1.0,0.3018793999999616,True
X3Y3R6.3,0,CBS-MS,3,1.0,17,1.0625,16,1.0,0.15363689999958297,True
X3Y3R6.3,0,GICBS-MS,3,1.0,17,1.0625,16,1.0,0.11266969999996945,True
X3Y3R6.3,0,ICBS-MS,3,1.0,17,1.0625,16,1.0,0.13582640000004176,True
X3Y3R6.3,0,MCBS-MS,3,1.0,17,1.0625,16,1.0,0.136623000000327,True
X3Y3R6.3,0,MICBS-MS,3,1.0,17,1.0625,16,1.0,0.14797409999982847,True
X3Y3R6.4,0,IS,24,8.0,140,14.0,10,1.0,2.1089546999996855,False
X3Y3R6.4,0,PP,inf,inf,inf,inf,10,1.0,0.3983647000000019,False
X3Y3R6.4,0,CBS-SOC,3,1.0,12,1.2,10,1.0,0.1890190000003713,True
X3Y3R6.4,0,GICBS-SOC,3,1.0,12,1.2,10,1.0,0.15174750000005588,True
X3Y3R6.4,0,ICBS-SOC,3,1.0,12,1.2,10,1.0,0.19958029999997962,True
X3Y3R6.4,0,MCBS-SOC,3,1.0,12,1.2,10,1.0,0.19544829999995272,True
X3Y3R6.4,0,MICBS-SOC,3,1.0,12,1.2,10,1.0,0.2949994999999035,True
X3Y3R6.4,0,CBS-MS,3,1.0,13,1.3,10,1.0,0.18209059999981037,True
X3Y3R6.4,0,GICBS-MS,3,1.0,12,1.2,10,1.0,0.15098660000012387,True
X3Y3R6.4,0,ICBS-MS,3,1.0,12,1.2,10,1.0,0.1766978000000563,True
X3Y3R6.4,0,MCBS-MS,3,1.0,12,1.2,10,1.0,0.17444669999986218,True
X3Y3R6.4,0,MICBS-MS,3,1.0,12,1.2,10,1.0,0.22488609999982145,True
X3Y3R7.1,0,IS,33,11.0,226,16.142857142857142,20,1.4285714285714286,4.031430300000011,False
X3Y3R7.1,0,PP,inf,inf,inf,inf,35,2.5,0.22552559999985533,False
X3Y3R7.1,0,CBS-SOC,4,1.3333333333333333,19,1.3571428571428572,16,1.1428571428571428,1.302135299999918,True
X3Y3R7.1,0,GICBS-SOC,4,1.3333333333333333,19,1.3571428571428572,14,1.0,0.2687404999996943,True
X3Y3R7.1,0,ICBS-SOC,4,1.3333333333333333,18,1.2857142857142858,14,1.0,1.4041692000000694,True
X3Y3R7.1,0,MCBS-SOC,4,1.3333333333333333,18,1.2857142857142858,14,1.0,0.5972980000001371,True
X3Y3R7.1,0,MICBS-SOC,4,1.3333333333333333,18,1.2857142857142858,14,1.0,0.3147775000002184,True
X3Y3R7.1,0,CBS-MS,4,1.3333333333333333,19,1.3571428571428572,14,1.0,2.1318498000000545,True
X3Y3R7.1,0,GICBS-MS,4,1.3333333333333333,19,1.3571428571428572,14,1.0,0.24001429999998436,True
X3Y3R7.1,0,ICBS-MS,4,1.3333333333333333,19,1.3571428571428572,14,1.0,2.257525099999839,True
X3Y3R7.1,0,MCBS-MS,4,1.3333333333333333,18,1.2857142857142858,14,1.0,1.2057874000001902,True
X3Y3R7.1,0,MICBS-MS,4,1.3333333333333333,18,1.2857142857142858,14,1.0,0.545771699999932,True
X3Y3R7.2,0,IS,24,6.0,164,14.909090909090908,11,1.0,2.4463980999998967,False
X3Y3R7.2,0,PP,inf,inf,inf,inf,28,2.5454545454545454,0.3846951000000445,False
X3Y3R7.2,0,CBS-SOC,6,1.5,13,1.1818181818181819,11,1.0,300.03676300000006,False
X3Y3R7.2,0,GICBS-SOC,4,1.0,11,1.0,11,1.0,300.0931508999997,False
X3Y3R7.2,0,ICBS-SOC,4,1.0,11,1.0,11,1.0,300.070244,False
X3Y3R7.2,0,MCBS-SOC,2,0.5,8,0.7272727272727273,7,0.6363636363636364,0.24020029999974213,True
X3Y3R7.2,0,MICBS-SOC,2,0.5,3,0.2727272727272727,3,0.2727272727272727,0.28616969999984576,True
X3Y3R7.2,0,CBS-MS,5,1.25,12,1.0909090909090908,11,1.0,300.06017980000024,False
X3Y3R7.2,0,GICBS-MS,4,1.0,11,1.0,11,1.0,300.0131550000001,False
X3Y3R7.2,0,ICBS-MS,4,1.0,11,1.0,11,1.0,300.0824219000001,False
X3Y3R7.2,0,MCBS-MS,3,0.75,10,0.9090909090909091,7,0.6363636363636364,0.15474689999973634,True
X3Y3R7.2,0,MICBS-MS,2,0.5,5,0.45454545454545453,5,0.45454545454545453,0.6015050999994855,True
X3Y3R7.3,0,IS,46,23.0,317,31.7,12,1.2,3.3364801999996416,False
9r_singleOpening.lp,0,IS,31,1.8235294117647058,279,2.3057851239669422,133,1.0991735537190082,3.2343848,True
9r_singleOpening.lp,0,PP,23,1.3529411764705883,153,1.2644628099173554,129,1.0661157024793388,1.7774397999999998,True
9r_singleOpening.lp,0,CBS-SOC,17,1.0,122,1.0082644628099173,121,1.0,300.11513959999996,False
9r_singleOpening.lp,0,GICBS-SOC,17,1.0,121,1.0,121,1.0,300.05032550000004,False
9r_singleOpening.lp,0,ICBS-SOC,17,1.0,121,1.0,121,1.0,300.00228100000004,False
9r_singleOpening.lp,0,MCBS-SOC,17,1.0,122,1.0082644628099173,121,1.0,308.1623126999999,False
9r_singleOpening.lp,0,MICBS-SOC,17,1.0,121,1.0,121,1.0,312.4394867000001,False
9r_singleOpening.lp,0,CBS-MS,17,1.0,122,1.0082644628099173,121,1.0,300.19867610000006,False
9r_singleOpening.lp,0,GICBS-MS,17,1.0,121,1.0,121,1.0,300.3439476000001,False
9r_singleOpening.lp,0,ICBS-MS,17,1.0,121,1.0,121,1.0,300.24391319999995,False
X5Y5R5RB1.1,0,IS,6,1.0,30,1.6666666666666667,36,2.0,0.0856266,False
X5Y5R5RB1.1,0,PP,6,1.0,18,1.0,18,1.0,0.056280499999999956,True
X5Y5R5RB1.1,0,CBS-SOC,6,1.0,18,1.0,18,1.0,0.10070780000000012,True
X5Y5R5RB1.1,0,GICBS-SOC,6,1.0,18,1.0,18,1.0,0.08687849999999986,True
X5Y5R5RB1.1,0,ICBS-SOC,6,1.0,18,1.0,18,1.0,0.08360269999999992,True
X5Y5R5RB1.1,0,MCBS-SOC,6,1.0,18,1.0,18,1.0,0.10159180000000001,True
X5Y5R5RB1.1,0,MICBS-SOC,6,1.0,18,1.0,18,1.0,0.07515950000000005,True
X5Y5R5RB1.1,0,CBS-MS,6,1.0,18,1.0,18,1.0,0.0668371000000001,True
X5Y5R5RB1.1,0,GICBS-MS,6,1.0,18,1.0,18,1.0,0.06964250000000005,True
X5Y5R5RB1.1,0,ICBS-MS,6,1.0,18,1.0,18,1.0,0.07521829999999996,True
X5Y5R5RB1.1,0,MCBS-MS,6,1.0,18,1.0,18,1.0,0.0660016000000001,True
X5Y5R5RB1.1,0,MICBS-MS,6,1.0,18,1.0,18,1.0,0.0747819999999999,True
X5Y5R5RB1.2,0,IS,16,2.2857142857142856,80,3.8095238095238093,21,1.0,0.0982152999999999,False
X5Y5R5RB1.2,0,PP,7,1.0,22,1.0476190476190477,21,1.0,0.05433040000000022,True
X5Y5R5RB1.2,0,CBS-SOC,7,1.0,21,1.0,21,1.0,0.11774869999999993,True
X5Y5R5RB1.2,0,GICBS-SOC,7,1.0,21,1.0,21,1.0,0.11705759999999987,True
X5Y5R5RB1.2,0,ICBS-SOC,7,1.0,21,1.0,21,1.0,0.1352568999999999,True
X5Y5R5RB1.2,0,MCBS-SOC,7,1.0,21,1.0,21,1.0,0.12401960000000001,True
X5Y5R5RB1.2,0,MICBS-SOC,7,1.0,21,1.0,21,1.0,0.1261451,True
X5Y5R5RB1.2,0,CBS-MS,7,1.0,21,1.0,21,1.0,0.11809419999999982,True
X5Y5R5RB1.2,0,GICBS-MS,7,1.0,21,1.0,21,1.0,0.11823049999999968,True
X5Y5R5RB1.2,0,ICBS-MS,7,1.0,21,1.0,21,1.0,0.11923750000000011,True
X5Y5R5RB1.2,0,MCBS-MS,7,1.0,21,1.0,21,1.0,0.11869510000000005,True
X5Y5R5RB1.2,0,MICBS-MS,7,1.0,21,1.0,21,1.0,0.1215383000000001,True
X5Y5R5RB1.3,0,IS,39,6.5,181,10.055555555555555,24,1.3333333333333333,4.7938417,False
X5Y5R5RB1.3,0,PP,6,1.0,23,1.2777777777777777,20,1.1111111111111112,0.05691730000000028,True
X5Y5R5RB1.3,0,CBS-SOC,6,1.0,19,1.0555555555555556,18,1.0,0.11579109999999915,True
X5Y5R5RB1.3,0,GICBS-SOC,6,1.0,19,1.0555555555555556,18,1.0,0.10993580000000058,True
X5Y5R5RB1.3,0,ICBS-SOC,6,1.0,19,1.0555555555555556,18,1.0,0.14018500000000067,True
X5Y5R5RB1.3,0,MCBS-SOC,6,1.0,19,1.0555555555555556,18,1.0,0.11614690000000039,True
X5Y5R5RB1.3,0,MICBS-SOC,6,1.0,19,1.0555555555555556,18,1.0,0.10572010000000098,True
X5Y5R5RB1.3,0,CBS-MS,6,1.0,19,1.0555555555555556,18,1.0,0.10906489999999991,True
X5Y5R5RB1.3,0,GICBS-MS,6,1.0,19,1.0555555555555556,18,1.0,0.11244169999999976,True
X5Y5R5RB1.3,0,ICBS-MS,6,1.0,19,1.0555555555555556,18,1.0,0.11754829999999927,True
X5Y5R5RB1.3,0,MCBS-MS,6,1.0,19,1.0555555555555556,18,1.0,0.11386209999999863,True
X5Y5R5RB1.3,0,MICBS-MS,6,1.0,19,1.0555555555555556,18,1.0,0.10686309999999999,True
X5Y5R5RB1.4,0,IS,8,1.6,36,1.894736842105263,21,1.105263157894737,0.09064700000000059,True
X5Y5R5RB1.4,0,PP,5,1.0,19,1.0,19,1.0,0.06023849999999875,True
X5Y5R5RB1.4,0,CBS-SOC,5,1.0,19,1.0,19,1.0,0.08160319999999999,True
X5Y5R5RB1.4,0,GICBS-SOC,5,1.0,19,1.0,19,1.0,0.0925773000000003,True
X5Y5R5RB1.4,0,ICBS-SOC,5,1.0,19,1.0,19,1.0,0.0869237000000016,True
X5Y5R5RB1.4,0,MCBS-SOC,5,1.0,19,1.0,19,1.0,0.08297339999999842,True
X5Y5R5RB1.4,0,MICBS-SOC,5,1.0,19,1.0,19,1.0,0.0867716999999999,True
X5Y5R5RB1.4,0,CBS-MS,5,1.0,19,1.0,19,1.0,0.08543530000000032,True
X5Y5R5RB1.4,0,GICBS-MS,5,1.0,19,1.0,19,1.0,0.08521870000000042,True
X5Y5R5RB1.4,0,ICBS-MS,5,1.0,19,1.0,19,1.0,0.08982649999999914,True
X5Y5R5RB1.4,0,MCBS-MS,5,1.0,19,1.0,19,1.0,0.08447669999999974,True
X5Y5R5RB1.4,0,MICBS-MS,5,1.0,19,1.0,19,1.0,0.08817570000000075,True
X5Y5R5RB2.1,0,IS,6,1.0,30,1.4285714285714286,42,2.0,0.08179140000000018,True
X5Y5R5RB2.1,0,PP,6,1.0,21,1.0,21,1.0,0.053631600000001,True
X5Y5R5RB2.1,0,CBS-SOC,6,1.0,21,1.0,21,1.0,0.05639419999999973,True
X5Y5R5RB2.1,0,GICBS-SOC,6,1.0,21,1.0,21,1.0,0.0640812000000004,True
X5Y5R5RB2.1,0,ICBS-SOC,6,1.0,21,1.0,21,1.0,0.06159500000000051,True
X5Y5R5RB2.1,0,MCBS-SOC,6,1.0,21,1.0,21,1.0,0.06025870000000033,True
X5Y5R5RB2.1,0,MICBS-SOC,6,1.0,21,1.0,21,1.0,0.06369499999999917,True
X5Y5R5RB2.1,0,CBS-MS,6,1.0,21,1.0,21,1.0,0.060486700000000226,True
X5Y5R5RB2.1,0,GICBS-MS,6,1.0,21,1.0,21,1.0,0.06268239999999992,True
X5Y5R5RB2.1,0,ICBS-MS,6,1.0,21,1.0,21,1.0,0.06252380000000102,True
X5Y5R5RB2.1,0,MCBS-MS,6,1.0,21,1.0,21,1.0,0.05854549999999925,True
X5Y5R5RB2.1,0,MICBS-MS,6,1.0,21,1.0,21,1.0,0.06026959999999981,True
X5Y5R5RB2.2,0,IS,5,1.25,25,2.7777777777777777,9,1.0,0.045913299999998713,True
X5Y5R5RB2.2,0,PP,4,1.0,10,1.1111111111111112,9,1.0,0.027895100000000284,True
X5Y5R5RB2.2,0,CBS-SOC,4,1.0,10,1.1111111111111112,9,1.0,0.05368610000000018,True
X5Y5R5RB2.2,0,GICBS-SOC,4,1.0,10,1.1111111111111112,9,1.0,0.05176610000000004,True
X5Y5R5RB2.2,0,ICBS-SOC,4,1.0,10,1.1111111111111112,9,1.0,0.07694079999999914,True
X5Y5R5RB2.2,0,MCBS-SOC,4,1.0,10,1.1111111111111112,9,1.0,0.05386690000000094,True
X5Y5R5RB2.2,0,MICBS-SOC,4,1.0,10,1.1111111111111112,9,1.0,0.05219549999999984,True
X5Y5R5RB2.2,0,CBS-MS,4,1.0,10,1.1111111111111112,9,1.0,0.05767130000000087,True
X5Y5R5RB2.2,0,GICBS-MS,4,1.0,10,1.1111111111111112,9,1.0,0.05524629999999853,True
X5Y5R5RB2.2,0,ICBS-MS,4,1.0,10,1.1111111111111112,9,1.0,0.05505159999999876,True
X5Y5R5RB2.2,0,MCBS-MS,4,1.0,10,1.1111111111111112,9,1.0,0.05237249999999882,True
X5Y5R5RB2.2,0,MICBS-MS,4,1.0,10,1.1111111111111112,9,1.0,0.05083109999999991,True
X5Y5R5RB2.3,0,IS,3,1.0,15,1.6666666666666667,18,2.0,0.04028649999999878,False
X5Y5R5RB2.3,0,PP,3,1.0,9,1.0,9,1.0,0.026127400000000023,True
X5Y5R5RB2.3,0,CBS-SOC,3,1.0,9,1.0,9,1.0,0.037885499999999794,True
X5Y5R5RB2.3,0,GICBS-SOC,3,1.0,9,1.0,9,1.0,0.038721500000001186,True
X5Y5R5RB2.3,0,ICBS-SOC,3,1.0,9,1.0,9,1.0,0.045127599999998935,True
X5Y5R5RB2.3,0,MCBS-SOC,3,1.0,9,1.0,9,1.0,0.03911989999999932,True
X5Y5R5RB2.3,0,MICBS-SOC,3,1.0,9,1.0,9,1.0,0.044546399999999764,True
X5Y5R5RB2.3,0,CBS-MS,3,1.0,9,1.0,9,1.0,0.04160889999999995,True
X5Y5R5RB2.3,0,GICBS-MS,3,1.0,9,1.0,9,1.0,0.04278929999999903,True
X5Y5R5RB2.3,0,ICBS-MS,3,1.0,9,1.0,9,1.0,0.042666499999999274,True
X5Y5R5RB2.3,0,MCBS-MS,3,1.0,9,1.0,9,1.0,0.03649809999999931,True
X5Y5R5RB2.3,0,MICBS-MS,3,1.0,9,1.0,9,1.0,0.04239320000000113,True
X5Y5R5RB2.4,0,IS,7,1.1666666666666667,35,1.75,20,1.0,0.09796279999999946,True
X5Y5R5RB2.4,0,PP,6,1.0,20,1.0,20,1.0,0.04828679999999963,True
X5Y5R5RB2.4,0,CBS-SOC,6,1.0,20,1.0,20,1.0,0.0782879999999988,True
X5Y5R5RB2.4,0,GICBS-SOC,6,1.0,20,1.0,20,1.0,0.08363310000000013,True
X5Y5R5RB2.4,0,ICBS-SOC,6,1.0,20,1.0,20,1.0,0.08155629999999903,True
X5Y5R5RB2.4,0,MCBS-SOC,6,1.0,20,1.0,20,1.0,0.08063310000000001,True
X5Y5R5RB2.4,0,MICBS-SOC,6,1.0,20,1.0,20,1.0,0.08378180000000057,True
X5Y5R5RB2.4,0,CBS-MS,6,1.0,20,1.0,20,1.0,0.08477420000000002,True
X5Y5R5RB2.4,0,GICBS-MS,6,1.0,20,1.0,20,1.0,0.08215039999999973,True
X5Y5R5RB2.4,0,ICBS-MS,6,1.0,20,1.0,20,1.0,0.0825888999999993,True
X5Y5R5RB2.4,0,MCBS-MS,6,1.0,20,1.0,20,1.0,0.08010239999999946,True
X5Y5R5RB2.4,0,MICBS-MS,6,1.0,20,1.0,20,1.0,0.08853760000000044,True
X5Y5R5RB3.1,0,IS,11,1.8333333333333333,55,2.1153846153846154,26,1.0,0.1345306000000015,True
X5Y5R5RB3.1,0,PP,6,1.0,26,1.0,26,1.0,0.06410920000000075,True
X5Y5R5RB3.1,0,CBS-SOC,6,1.0,26,1.0,26,1.0,0.15490160000000053,True
X5Y5R5RB3.1,0,GICBS-SOC,6,1.0,26,1.0,26,1.0,0.15851689999999863,True
X5Y5R5RB3.1,0,ICBS-SOC,6,1.0,26,1.0,26,1.0,0.15785059999999973,True
X5Y5R5RB3.1,0,MCBS-SOC,6,1.0,26,1.0,26,1.0,0.2474185999999996,True
X5Y5R5RB3.1,0,MICBS-SOC,6,1.0,26,1.0,26,1.0,0.3661934999999996,True
X5Y5R5RB3.1,0,CBS-MS,6,1.0,26,1.0,26,1.0,0.1699534000000007,True
X5Y5R5RB3.1,0,GICBS-MS,6,1.0,26,1.0,26,1.0,0.16415630000000014,True
X5Y5R5RB3.1,0,ICBS-MS,6,1.0,26,1.0,26,1.0,0.16474210000000156,True
X5Y5R5RB3.1,0,MCBS-MS,6,1.0,26,1.0,26,1.0,0.20516030000000107,True
X5Y5R5RB3.1,0,MICBS-MS,6,1.0,26,1.0,26,1.0,0.3388567000000009,True
X5Y5R5RB3.2,0,IS,14,2.0,66,4.125,18,1.125,0.09757909999999903,False
X5Y5R5RB3.2,0,PP,9,1.2857142857142858,19,1.1875,18,1.125,0.04823440000000012,True
X5Y5R5RB3.2,0,CBS-SOC,8,1.1428571428571428,23,1.4375,16,1.0,0.3173130000000004,True
X5Y5R5RB3.2,0,GICBS-SOC,8,1.1428571428571428,23,1.4375,16,1.0,0.29537110000000055,True
X5Y5R5RB3.2,0,ICBS-SOC,8,1.1428571428571428,23,1.4375,16,1.0,0.3876753999999991,True
X5Y5R5RB3.2,0,MCBS-SOC,9,1.2857142857142858,19,1.1875,18,1.125,0.4487862999999983,True
X5Y5R5RB3.2,0,MICBS-SOC,7,1.0,20,1.25,16,1.0,0.29554059999999893,True
X5Y5R5RB3.2,0,CBS-MS,7,1.0,20,1.25,16,1.0,0.14032219999999995,True
X5Y5R5RB3.2,0,GICBS-MS,7,1.0,20,1.25,16,1.0,0.14678220000000053,True
X5Y5R5RB3.2,0,ICBS-MS,7,1.0,20,1.25,16,1.0,0.17396150000000077,True
X5Y5R5RB3.2,0,MCBS-MS,7,1.0,20,1.25,16,1.0,0.15037060000000224,True
X5Y5R5RB3.2,0,MICBS-MS,7,1.0,20,1.25,16,1.0,0.1860697999999985,True
X5Y5R5RB3.3,0,IS,16,3.2,80,5.0,24,1.5,0.2457359999999973,True
X5Y5R5RB3.3,0,PP,6,1.2,19,1.1875,18,1.125,0.050360699999998815,True
X5Y5R5RB3.3,0,CBS-SOC,7,1.4,18,1.125,16,1.0,0.34371030000000147,True
X5Y5R5RB3.3,0,GICBS-SOC,7,1.4,18,1.125,16,1.0,0.3311302999999981,True
X5Y5R5RB3.3,0,ICBS-SOC,7,1.4,18,1.125,16,1.0,0.4253789000000019,True
X5Y5R5RB3.3,0,MCBS-SOC,6,1.2,19,1.1875,18,1.125,0.3474792000000022,True
X5Y5R5RB3.3,0,MICBS-SOC,5,1.0,18,1.125,18,1.125,0.2890353000000019,True
X5Y5R5RB3.3,0,CBS-MS,5,1.0,18,1.125,18,1.125,0.2306816000000005,True
X5Y5R5RB3.3,0,GICBS-MS,7,1.4,18,1.125,16,1.0,0.39199509999999904,True
X5Y5R5RB3.3,0,ICBS-MS,5,1.0,18,1.125,18,1.125,0.2835587000000004,True
X5Y5R5RB3.3,0,MCBS-MS,5,1.0,19,1.1875,18,1.125,0.21391359999999793,True
X5Y5R5RB3.3,0,MICBS-MS,5,1.0,18,1.125,18,1.125,0.26651060000000015,True
X5Y5R5RB3.4,0,IS,18,2.5714285714285716,90,4.285714285714286,25,1.1904761904761905,0.2085846999999994,True
X5Y5R5RB3.4,0,PP,9,1.2857142857142858,28,1.3333333333333333,25,1.1904761904761905,0.07262679999999833,True
X5Y5R5RB3.4,0,CBS-SOC,8,1.1428571428571428,25,1.1904761904761905,25,1.1904761904761905,0.784423799999999,True
X5Y5R5RB3.4,0,GICBS-SOC,8,1.1428571428571428,27,1.2857142857142858,23,1.0952380952380953,1.2719628000000007,True
X5Y5R5RB3.4,0,ICBS-SOC,8,1.1428571428571428,25,1.1904761904761905,25,1.1904761904761905,0.7834167000000001,True
X5Y5R5RB3.4,0,MCBS-SOC,8,1.1428571428571428,25,1.1904761904761905,25,1.1904761904761905,0.5013612000000016,True
X5Y5R5RB3.4,0,MICBS-SOC,7,1.0,27,1.2857142857142858,27,1.2857142857142858,0.6769044999999991,True
X5Y5R5RB3.4,0,CBS-MS,7,1.0,27,1.2857142857142858,23,1.0952380952380953,1.772783399999998,True
X5Y5R5RB3.4,0,GICBS-MS,8,1.1428571428571428,27,1.2857142857142858,25,1.1904761904761905,0.7972916000000012,True
X5Y5R5RB3.4,0,ICBS-MS,7,1.0,27,1.2857142857142858,23,1.0952380952380953,1.124127999999999,True
X5Y5R5RB3.4,0,MCBS-MS,7,1.0,26,1.2380952380952381,23,1.0952380952380953,0.47722579999999937,True
X5Y5R5RB3.4,0,MICBS-MS,7,1.0,27,1.2857142857142858,27,1.2857142857142858,0.6766848999999979,True
X5Y5R5RB4.1,0,IS,9,2.25,41,3.727272727272727,15,1.3636363636363635,0.11802559999999929,True
X5Y5R5RB4.1,0,PP,7,1.75,16,1.4545454545454546,13,1.1818181818181819,0.13371760000000066,True
X5Y5R5RB4.1,0,CBS-SOC,5,1.25,13,1.1818181818181819,11,1.0,0.45564339999999603,True
X5Y5R5RB4.1,0,GICBS-SOC,5,1.25,13,1.1818181818181819,11,1.0,0.26599929999999716,True
X5Y5R5RB4.1,0,ICBS-SOC,5,1.25,13,1.1818181818181819,11,1.0,0.3458737999999997,True
X5Y5R5RB4.1,0,MCBS-SOC,5,1.25,13,1.1818181818181819,11,1.0,0.2527505999999988,True
X5Y5R5RB4.1,0,MICBS-SOC,4,1.0,14,1.2727272727272727,13,1.1818181818181819,0.41479089999999985,True
X5Y5R5RB4.1,0,CBS-MS,5,1.25,13,1.1818181818181819,11,1.0,0.5183593000000002,True
X5Y5R5RB4.1,0,GICBS-MS,5,1.25,13,1.1818181818181819,11,1.0,0.1915817000000004,True
X5Y5R5RB4.1,0,ICBS-MS,5,1.25,13,1.1818181818181819,11,1.0,0.2129714000000007,True
X5Y5R5RB4.1,0,MCBS-MS,5,1.25,13,1.1818181818181819,11,1.0,0.2724037999999993,True
X5Y5R5RB4.1,0,MICBS-MS,4,1.0,14,1.2727272727272727,13,1.1818181818181819,0.32206340000000466,True
X5Y5R5RB4.2,0,IS,8,1.3333333333333333,40,1.6,25,1.0,0.11088050000000038,True
X5Y5R5RB4.2,0,PP,6,1.0,27,1.08,25,1.0,0.09153660000000485,True
X5Y5R5RB4.2,0,CBS-SOC,inf,inf,inf,inf,19,0.76,0.27781729999999527,True
X5Y5R5RB4.2,0,GICBS-SOC,inf,inf,inf,inf,19,0.76,0.28916579999999925,True
X5Y5R5RB4.2,0,ICBS-SOC,inf,inf,inf,inf,19,0.76,0.36152049999999747,True
X5Y5R5RB4.2,0,MCBS-SOC,6,1.0,27,1.08,27,1.08,1.0468454999999963,True
X5Y5R5RB4.2,0,MICBS-SOC,6,1.0,27,1.08,25,1.0,0.7983507000000003,True
X5Y5R5RB4.2,0,CBS-MS,7,1.1666666666666667,28,1.12,25,1.0,0.4738808999999975,True
X5Y5R5RB4.2,0,GICBS-MS,inf,inf,inf,inf,19,0.76,0.20901969999999892,True
X5Y5R5RB4.2,0,ICBS-MS,7,1.1666666666666667,28,1.12,25,1.0,0.4790209999999959,True
X5Y5R5RB4.2,0,MCBS-MS,6,1.0,27,1.08,27,1.08,0.4428458000000006,True
X5Y5R5RB4.2,0,MICBS-MS,6,1.0,26,1.04,25,1.0,0.3531058000000016,True
X5Y5R5RB4.3,0,IS,9,1.5,45,2.8125,18,1.125,0.1051991000000001,True
X5Y5R5RB4.3,0,PP,6,1.0,22,1.375,20,1.25,0.05363159999999567,True
X5Y5R5RB4.3,0,CBS-SOC,6,1.0,17,1.0625,16,1.0,0.24273709999999937,True
X5Y5R5RB4.3,0,GICBS-SOC,6,1.0,17,1.0625,16,1.0,0.15596929999999531,True
X5Y5R5RB4.3,0,ICBS-SOC,6,1.0,17,1.0625,16,1.0,0.22964719999999517,True
X5Y5R5RB4.3,0,MCBS-SOC,6,1.0,17,1.0625,16,1.0,0.25389879999999465,True
X5Y5R5RB4.3,0,MICBS-SOC,6,1.0,17,1.0625,16,1.0,0.23806219999999456,True
X5Y5R5RB4.3,0,CBS-MS,6,1.0,17,1.0625,16,1.0,0.13304159999999854,True
X5Y5R5RB4.3,0,GICBS-MS,6,1.0,17,1.0625,16,1.0,0.1649636000000001,True
X5Y5R5RB4.3,0,ICBS-MS,6,1.0,17,1.0625,16,1.0,0.21804540000000117,True
X5Y5R5RB4.3,0,MCBS-MS,6,1.0,17,1.0625,16,1.0,0.13735750000000024,True
X5Y5R5RB4.3,0,MICBS-MS,6,1.0,17,1.0625,16,1.0,0.15674549999999954,True
X5Y5R5RB4.4,0,IS,22,3.142857142857143,99,5.2105263157894735,19,1.0,2.8253939000000017,False
X5Y5R5RB4.4,0,PP,7,1.0,31,1.631578947368421,27,1.4210526315789473,1.2930781999999965,True
X5Y5R5RB4.4,0,CBS-SOC,11,1.5714285714285714,27,1.4210526315789473,25,1.3157894736842106,300.0077754,False
X5Y5R5RB4.4,0,GICBS-SOC,11,1.5714285714285714,29,1.5263157894736843,27,1.4210526315789473,15.404003800000055,True
X5Y5R5RB4.4,0,ICBS-SOC,7,1.0,19,1.0,19,1.0,300.02005660000003,False
X5Y5R5RB4.4,0,MCBS-SOC,9,1.2857142857142858,37,1.9473684210526316,31,1.631578947368421,3.622236199999975,True
X5Y5R5RB4.4,0,MICBS-SOC,8,1.1428571428571428,35,1.8421052631578947,31,1.631578947368421,1.144788999999946,True
X5Y5R5RB4.4,0,CBS-MS,8,1.1428571428571428,20,1.0526315789473684,19,1.0,300.0732183,False
X5Y5R5RB4.4,0,GICBS-MS,11,1.5714285714285714,31,1.631578947368421,29,1.5263157894736843,2.2707744000000503,True
X5Y5R5RB4.4,0,ICBS-MS,7,1.0,19,1.0,19,1.0,300.0319496999999,False
X5Y5R5RB4.4,0,MCBS-MS,7,1.0,35,1.8421052631578947,27,1.4210526315789473,0.5782764999999017,True
X5Y5R5RB4.4,0,MICBS-MS,8,1.1428571428571428,35,1.8421052631578947,31,1.631578947368421,1.2619308999999248,True
X5Y5R5RB5.1,0,IS,12,2.0,60,2.857142857142857,27,1.2857142857142858,0.12766209999995226,False
X5Y5R5RB5.1,0,PP,13,2.1666666666666665,37,1.7619047619047619,25,1.1904761904761905,0.10111609999989923,True
X5Y5R5RB5.1,0,CBS-SOC,8,1.3333333333333333,27,1.2857142857142858,21,1.0,300.0186644999999,False
X5Y5R5RB5.1,0,GICBS-SOC,11,1.8333333333333333,33,1.5714285714285714,23,1.0952380952380953,19.441272199999958,True
X5Y5R5RB5.1,0,ICBS-SOC,6,1.0,21,1.0,21,1.0,300.08708150000007,False
X5Y5R5RB5.1,0,MCBS-SOC,9,1.5,29,1.380952380952381,25,1.1904761904761905,1.8336644000000888,True
X5Y5R5RB5.1,0,MICBS-SOC,9,1.5,33,1.5714285714285714,29,1.380952380952381,1.6951956000000337,True
X5Y5R5RB5.1,0,CBS-MS,8,1.3333333333333333,26,1.2380952380952381,21,1.0,300.00982880000015,False
X5Y5R5RB5.1,0,GICBS-MS,11,1.8333333333333333,33,1.5714285714285714,23,1.0952380952380953,4.153884999999718,True
X5Y5R5RB5.1,0,ICBS-MS,6,1.0,21,1.0,21,1.0,300.0558768000001,False
X5Y5R5RB5.1,0,MCBS-MS,9,1.5,33,1.5714285714285714,29,1.380952380952381,2.142733700000008,True
X5Y5R5RB5.1,0,MICBS-MS,9,1.5,33,1.5714285714285714,29,1.380952380952381,1.2756870999996863,True
X5Y5R5RB5.2,0,IS,19,2.7142857142857144,91,4.136363636363637,28,1.2727272727272727,0.31830829999989874,True
X5Y5R5RB5.2,0,PP,7,1.0,28,1.2727272727272727,24,1.0909090909090908,0.739882100000159,True
X5Y5R5RB5.2,0,CBS-SOC,9,1.2857142857142858,29,1.3181818181818181,24,1.0909090909090908,1.0215680999999677,True
X5Y5R5RB5.2,0,GICBS-SOC,9,1.2857142857142858,29,1.3181818181818181,24,1.0909090909090908,0.8979423999999199,True
X5Y5R5RB5.2,0,ICBS-SOC,9,1.2857142857142858,29,1.3181818181818181,24,1.0909090909090908,1.2344919000001937,True
X5Y5R5RB5.2,0,MCBS-SOC,7,1.0,28,1.2727272727272727,24,1.0909090909090908,0.39330370000016046,True
X5Y5R5RB5.2,0,MICBS-SOC,7,1.0,28,1.2727272727272727,24,1.0909090909090908,0.46505000000024665,True
X5Y5R5RB5.2,0,CBS-MS,7,1.0,28,1.2727272727272727,24,1.0909090909090908,0.33539080000036847,True
X5Y5R5RB5.2,0,GICBS-MS,7,1.0,28,1.2727272727272727,24,1.0909090909090908,0.3500441999999566,True
X5Y5R5RB5.2,0,ICBS-MS,7,1.0,28,1.2727272727272727,24,1.0909090909090908,0.32781900000009045,True
X5Y5R5RB5.2,0,MCBS-MS,7,1.0,28,1.2727272727272727,24,1.0909090909090908,0.3261664000001474,True
X5Y5R5RB5.2,0,MICBS-MS,7,1.0,28,1.2727272727272727,24,1.0909090909090908,0.5611362999998164,True
X5Y5R5RB5.3,0,IS,8,1.6,36,2.25,18,1.125,0.13315229999989242,True
X5Y5R5RB5.3,0,PP,6,1.2,18,1.125,18,1.125,0.07787959999996019,True
X5Y5R5RB5.3,0,CBS-SOC,6,1.2,18,1.125,18,1.125,0.2706850999998096,True
X5Y5R5RB5.3,0,GICBS-SOC,6,1.2,18,1.125,18,1.125,0.26513489999979356,True
X5Y5R5RB5.3,0,ICBS-SOC,6,1.2,18,1.125,18,1.125,0.2699757000000318,True
X5Y5R5RB5.3,0,MCBS-SOC,6,1.2,18,1.125,18,1.125,0.29526769999984026,True
X5Y5R5RB5.3,0,MICBS-SOC,6,1.2,19,1.1875,18,1.125,0.35843500000009954,True
X5Y5R5RB5.3,0,CBS-MS,5,1.0,20,1.25,18,1.125,0.3154187999998612,True
X5Y5R5RB5.3,0,GICBS-MS,5,1.0,20,1.25,18,1.125,0.18928619999996954,True
X5Y5R5RB5.3,0,ICBS-MS,5,1.0,20,1.25,18,1.125,0.3388500999999451,True
X5Y5R5RB5.3,0,MCBS-MS,6,1.2,18,1.125,18,1.125,0.15086070000006657,True
X5Y5R5RB5.3,0,MICBS-MS,6,1.2,19,1.1875,18,1.125,0.37987139999995634,True
X5Y5R5RB5.4,0,IS,8,2.0,36,4.5,10,1.25,0.0965409999998883,True
X5Y5R5RB5.4,0,PP,4,1.0,8,1.0,8,1.0,0.033968799999911425,True
X5Y5R5RB5.4,0,CBS-SOC,4,1.0,8,1.0,8,1.0,0.0910303999999087,True
X5Y5R5RB5.4,0,GICBS-SOC,4,1.0,8,1.0,8,1.0,0.09402150000005349,True
X5Y5R5RB5.4,0,ICBS-SOC,4,1.0,8,1.0,8,1.0,0.10017840000000433,True
X5Y5R5RB5.4,0,MCBS-SOC,4,1.0,8,1.0,8,1.0,0.08966970000028596,True
X5Y5R5RB5.4,0,MICBS-SOC,4,1.0,8,1.0,8,1.0,0.09501019999970595,True
X5Y5R5RB5.4,0,CBS-MS,4,1.0,8,1.0,8,1.0,0.10371229999964271,True
X5Y5R5RB5.4,0,GICBS-MS,4,1.0,9,1.125,8,1.0,0.10147379999989425,True
X5Y5R5RB5.4,0,ICBS-MS,4,1.0,8,1.0,8,1.0,0.1097248999999465,True
X5Y5R5RB5.4,0,MCBS-MS,4,1.0,8,1.0,8,1.0,0.10014430000001084,True
X5Y5R5RB5.4,0,MICBS-MS,4,1.0,8,1.0,8,1.0,0.09606939999957831,True
X5Y5R5RB6.1,0,IS,8,1.6,36,3.272727272727273,13,1.1818181818181819,0.0935538999997334,True
X5Y5R5RB6.1,0,PP,5,1.0,11,1.0,11,1.0,0.04263929999979155,True
X5Y5R5RB6.1,0,CBS-SOC,5,1.0,11,1.0,11,1.0,0.10034230000019306,True
X5Y5R5RB6.1,0,GICBS-SOC,5,1.0,11,1.0,11,1.0,0.11565269999982775,True
X5Y5R5RB6.1,0,ICBS-SOC,5,1.0,11,1.0,11,1.0,0.11764099999982136,True
X5Y5R5RB6.1,0,MCBS-SOC,5,1.0,11,1.0,11,1.0,0.12022819999992862,True
X5Y5R5RB6.1,0,MICBS-SOC,5,1.0,11,1.0,11,1.0,0.11748399999987669,True
X5Y5R5RB6.1,0,CBS-MS,5,1.0,11,1.0,11,1.0,0.11813179999990098,True
X5Y5R5RB6.1,0,GICBS-MS,5,1.0,11,1.0,11,1.0,0.11305440000023737,True
X5Y5R5RB6.1,0,ICBS-MS,5,1.0,11,1.0,11,1.0,0.11454150000008667,True
X5Y5R5RB6.1,0,MCBS-MS,5,1.0,11,1.0,11,1.0,0.12359819999983301,True
X5Y5R5RB6.1,0,MICBS-MS,5,1.0,11,1.0,11,1.0,0.10562320000008185,True
X5Y5R5RB6.2,0,IS,9,2.25,41,2.7333333333333334,19,1.2666666666666666,0.13350780000018858,True
X5Y5R5RB6.2,0,PP,4,1.0,18,1.2,17,1.1333333333333333,0.06437529999993785,True
X5Y5R5RB6.2,0,CBS-SOC,5,1.25,17,1.1333333333333333,17,1.1333333333333333,0.2514267000001382,True
X5Y5R5RB6.2,0,GICBS-SOC,5,1.25,17,1.1333333333333333,17,1.1333333333333333,0.23049630000014076,True
X5Y5R5RB6.2,0,ICBS-SOC,5,1.25,17,1.1333333333333333,17,1.1333333333333333,0.22651039999982459,True
X5Y5R5RB6.2,0,MCBS-SOC,4,1.0,18,1.2,17,1.1333333333333333,0.275907400000051,True
X5Y5R5RB6.2,0,MICBS-SOC,4,1.0,18,1.2,17,1.1333333333333333,0.21571110000013505,True
X5Y5R5RB6.2,0,CBS-MS,4,1.0,18,1.2,17,1.1333333333333333,0.3930113999999776,True
X5Y5R5RB6.2,0,GICBS-MS,5,1.25,17,1.1333333333333333,17,1.1333333333333333,0.20187540000006265,True
X5Y5R5RB6.2,0,ICBS-MS,4,1.0,18,1.2,17,1.1333333333333333,0.2423518000000513,True
X5Y5R5RB6.2,0,MCBS-MS,4,1.0,18,1.2,17,1.1333333333333333,0.3091666999998779,True
X5Y5R5RB6.2,0,MICBS-MS,4,1.0,18,1.2,17,1.1333333333333333,0.22670650000009118,True
X5Y5R5RB6.3,0,IS,5,1.25,14,1.0769230769230769,13,1.0,1.8964178999999604,False
X5Y5R5RB6.3,0,PP,4,1.0,15,1.1538461538461537,15,1.1538461538461537,0.06099210000002131,True
X5Y5R5RB6.3,0,CBS-SOC,4,1.0,15,1.1538461538461537,15,1.1538461538461537,0.48231920000034734,True
X5Y5R5RB6.3,0,GICBS-SOC,6,1.5,17,1.3076923076923077,15,1.1538461538461537,0.5609658000003037,True
X5Y5R5RB6.3,0,ICBS-SOC,4,1.0,15,1.1538461538461537,15,1.1538461538461537,0.5068563999998332,True
X5Y5R5RB6.3,0,MCBS-SOC,4,1.0,15,1.1538461538461537,15,1.1538461538461537,0.2272355999998581,True
X5Y5R5RB6.3,0,MICBS-SOC,4,1.0,15,1.1538461538461537,15,1.1538461538461537,0.147891300000083,True
X5Y5R5RB6.3,0,CBS-MS,5,1.25,17,1.3076923076923077,15,1.1538461538461537,0.18840989999989688,True
X5Y5R5RB6.3,0,GICBS-MS,5,1.25,17,1.3076923076923077,15,1.1538461538461537,0.5389754999996512,True
X5Y5R5RB6.3,0,ICBS-MS,4,1.0,15,1.1538461538461537,15,1.1538461538461537,0.21687189999965995,True
X5Y5R5RB6.3,0,MCBS-MS,4,1.0,15,1.1538461538461537,15,1.1538461538461537,0.1855236999999761,True
X5Y5R5RB6.3,0,MICBS-MS,4,1.0,15,1.1538461538461537,15,1.1538461538461537,0.20527560000027734,True
X5Y5R5RB6.4,0,IS,16,2.6666666666666665,80,4.0,24,1.2,0.40317910000021584,False
X5Y5R5RB6.4,0,PP,6,1.0,25,1.25,22,1.1,2.695393299999978,True
X5Y5R5RB6.4,0,CBS-SOC,8,1.3333333333333333,29,1.45,22,1.1,0.3534767000001011,True
X5Y5R5RB6.4,0,GICBS-SOC,8,1.3333333333333333,29,1.45,22,1.1,0.3335699000003842,True
X5Y5R5RB6.4,0,ICBS-SOC,8,1.3333333333333333,29,1.45,22,1.1,0.33173809999971127,True
X5Y5R5RB6.4,0,MCBS-SOC,6,1.0,25,1.25,22,1.1,0.1830355000001873,True
X5Y5R5RB6.4,0,MICBS-SOC,6,1.0,25,1.25,22,1.1,0.44753799999989496,True
X5Y5R5RB6.4,0,CBS-MS,6,1.0,25,1.25,22,1.1,0.3787145999999666,True
X5Y5R5RB6.4,0,GICBS-MS,6,1.0,25,1.25,22,1.1,0.35657709999986764,True
X5Y5R5RB6.4,0,ICBS-MS,6,1.0,25,1.25,22,1.1,0.36871060000021316,True
X5Y5R5RB6.4,0,MCBS-MS,6,1.0,25,1.25,22,1.1,0.23772589999998672,True
X5Y5R5RB6.4,0,MICBS-MS,6,1.0,25,1.25,22,1.1,0.9920544000001428,True
X5Y5R5RB7.1,0,IS,8,2.0,40,4.444444444444445,11,1.2222222222222223,0.09012230000007548,False
X5Y5R5RB7.1,0,PP,4,1.0,9,1.0,9,1.0,0.052787500000249565,True
X5Y5R5RB7.1,0,CBS-SOC,4,1.0,9,1.0,9,1.0,0.1102976000001945,True
X5Y5R5RB7.1,0,GICBS-SOC,4,1.0,9,1.0,9,1.0,0.09744430000000648,True
X5Y5R5RB7.1,0,ICBS-SOC,4,1.0,9,1.0,9,1.0,0.10416940000004615,True
X5Y5R5RB7.1,0,MCBS-SOC,4,1.0,9,1.0,9,1.0,0.10848170000008395,True
X5Y5R5RB7.1,0,MICBS-SOC,4,1.0,9,1.0,9,1.0,0.14929309999979523,True
X5Y5R5RB7.1,0,CBS-MS,4,1.0,9,1.0,9,1.0,0.28541619999987233,True
X5Y5R5RB7.1,0,GICBS-MS,4,1.0,9,1.0,9,1.0,0.18598590000010518,True
X5Y5R5RB7.1,0,ICBS-MS,4,1.0,9,1.0,9,1.0,0.1043947000002845,True
X5Y5R5RB7.1,0,MCBS-MS,4,1.0,9,1.0,9,1.0,0.09129570000004605,True
X5Y5R5RB7.1,0,MICBS-MS,4,1.0,9,1.0,9,1.0,0.09703609999996843,True
X5Y5R5RB7.2,0,IS,6,1.2,30,2.5,14,1.1666666666666667,0.1285542999999052,False
X5Y5R5RB7.2,0,PP,7,1.4,20,1.6666666666666667,16,1.3333333333333333,0.12614429999985077,True
X5Y5R5RB7.2,0,CBS-SOC,inf,inf,inf,inf,12,1.0,1.1305631000000176,True
X5Y5R5RB7.2,0,GICBS-SOC,inf,inf,inf,inf,12,1.0,1.758956500000295,True
X5Y5R5RB7.2,0,ICBS-SOC,inf,inf,inf,inf,12,1.0,1.411883900000248,True
X5Y5R5RB7.2,0,MCBS-SOC,5,1.0,20,1.6666666666666667,18,1.5,0.572927400000026,True
X5Y5R5RB7.2,0,MICBS-SOC,5,1.0,17,1.4166666666666667,16,1.3333333333333333,0.45067629999994097,True
X5Y5R5RB7.2,0,CBS-MS,inf,inf,inf,inf,12,1.0,0.3852697999996053,True
X5Y5R5RB7.2,0,GICBS-MS,7,1.4,21,1.75,16,1.3333333333333333,0.44911290000027293,True
X5Y5R5RB7.2,0,ICBS-MS,inf,inf,inf,inf,12,1.0,0.6025807000000896,True
X5Y5R5RB7.2,0,MCBS-MS,5,1.0,20,1.6666666666666667,18,1.5,0.36387329999979556,True
X5Y5R5RB7.2,0,MICBS-MS,5,1.0,17,1.4166666666666667,16,1.3333333333333333,0.5992684000002555,True
X5Y5R5RB7.3,0,IS,852,142.0,4260,266.25,136,8.5,3855.2661410000005,False
X5Y5R5RB7.3,0,PP,6,1.0,24,1.5,22,1.375,0.9465507999993861,True
X5Y5R5RB7.3,0,CBS-SOC,7,1.1666666666666667,24,1.5,20,1.25,5.7747018999998545,True
X5Y5R5RB7.3,0,GICBS-SOC,7,1.1666666666666667,24,1.5,18,1.125,5.533622799999648,True
X5Y5R5RB7.3,0,ICBS-SOC,7,1.1666666666666667,24,1.5,20,1.25,6.176050400000349,True
X5Y5R5RB7.3,0,MCBS-SOC,6,1.0,25,1.5625,24,1.5,2.1902911000006497,True
X5Y5R5RB7.3,0,MICBS-SOC,6,1.0,24,1.5,24,1.5,0.7199653999996372,True
X5Y5R5RB7.3,0,CBS-MS,6,1.0,24,1.5,24,1.5,2.1927230999999665,True
X5Y5R5RB7.3,0,GICBS-MS,7,1.1666666666666667,25,1.5625,20,1.25,1.263228099999651,True
X5Y5R5RB7.3,0,ICBS-MS,6,1.0,24,1.5,24,1.5,1.5273916000005556,True
X5Y5R5RB7.3,0,MCBS-MS,6,1.0,25,1.5625,24,1.5,0.6888631000001624,True
X5Y5R5RB7.3,0,MICBS-MS,7,1.1666666666666667,28,1.75,24,1.5,0.744934899999862,True
X5Y5R5RB7.4,0,IS,12,1.5,60,3.0,22,1.1,0.08444640000016079,False
X5Y5R5RB7.4,0,PP,15,1.875,40,2.0,26,1.3,0.27675149999959103,True
X5Y5R5RB7.4,0,CBS-SOC,13,1.625,25,1.25,20,1.0,300.0136115000005,False
X5Y5R5RB7.4,0,GICBS-SOC,9,1.125,32,1.6,22,1.1,9.111243899999863,True
X5Y5R5RB7.4,0,ICBS-SOC,8,1.0,20,1.0,20,1.0,300.0254775000003,False
X5Y5R5RB7.4,0,MCBS-SOC,9,1.125,31,1.55,28,1.4,1.8376849000005677,True
X5Y5R5RB7.4,0,MICBS-SOC,9,1.125,33,1.65,30,1.5,2.148047499999848,True
X5Y5R5RB7.4,0,CBS-MS,9,1.125,21,1.05,20,1.0,300.0735427999998,False
X5Y5R5RB7.4,0,GICBS-MS,12,1.5,33,1.65,24,1.2,4.023814099999981,True
X5Y5R5RB7.4,0,ICBS-MS,8,1.0,20,1.0,20,1.0,300.0129643,False
X5Y5R5RB7.4,0,MCBS-MS,9,1.125,37,1.85,30,1.5,3.9170839999997042,True
X5Y5R5RB7.4,0,MICBS-MS,9,1.125,33,1.65,30,1.5,3.4436373000007734,True
X5Y5R5RB8.1,0,IS,7,1.0,35,2.1875,32,2.0,0.07901609999953507,False
X5Y5R5RB8.1,0,PP,7,1.0,24,1.5,20,1.25,0.4980999999997948,True
X5Y5R5RB8.1,0,CBS-SOC,10,1.4285714285714286,30,1.875,18,1.125,4.6587399000000005,True
X5Y5R5RB8.1,0,GICBS-SOC,10,1.4285714285714286,30,1.875,18,1.125,4.58770370000002,True
X5Y5R5RB8.1,0,ICBS-SOC,10,1.4285714285714286,30,1.875,18,1.125,5.620136300000013,True
X5Y5R5RB8.1,0,MCBS-SOC,7,1.0,27,1.6875,20,1.25,1.1686658999997235,True
X5Y5R5RB8.1,0,MICBS-SOC,8,1.1428571428571428,27,1.6875,22,1.375,0.613445099999808,True
X5Y5R5RB8.1,0,CBS-MS,7,1.0,28,1.75,18,1.125,0.3306040999996185,True
X5Y5R5RB8.1,0,GICBS-MS,7,1.0,28,1.75,18,1.125,0.3801661999996213,True
X5Y5R5RB8.1,0,ICBS-MS,7,1.0,28,1.75,18,1.125,0.42359899999974004,True
X5Y5R5RB8.1,0,MCBS-MS,7,1.0,29,1.8125,22,1.375,0.3945016999996369,True
X5Y5R5RB8.1,0,MICBS-MS,7,1.0,24,1.5,20,1.25,1.0059989999999743,True
X5Y5R5RB8.2,0,IS,4,2.0,20,3.3333333333333335,6,1.0,0.07484560000011697,True
X5Y5R5RB8.2,0,PP,2,1.0,6,1.0,6,1.0,0.3838748999996824,True
X5Y5R5RB8.2,0,CBS-SOC,2,1.0,6,1.0,6,1.0,0.0520249999999578,True
X5Y5R5RB8.2,0,GICBS-SOC,2,1.0,6,1.0,6,1.0,0.049778199999309436,True
X5Y5R5RB8.2,0,ICBS-SOC,2,1.0,6,1.0,6,1.0,0.0520422999998118,True
X5Y5R5RB8.2,0,MCBS-SOC,2,1.0,6,1.0,6,1.0,0.05173029999969003,True
X5Y5R5RB8.2,0,MICBS-SOC,2,1.0,6,1.0,6,1.0,0.05373839999992924,True
X5Y5R5RB8.2,0,CBS-MS,2,1.0,6,1.0,6,1.0,0.050745099999403465,True
X5Y5R5RB8.2,0,GICBS-MS,2,1.0,6,1.0,6,1.0,0.05240669999966485,True
X5Y5R5RB8.2,0,ICBS-MS,2,1.0,6,1.0,6,1.0,0.049569099999644095,True
X5Y5R5RB8.2,0,MCBS-MS,2,1.0,6,1.0,6,1.0,0.05150590000084776,True
X5Y5R5RB8.2,0,MICBS-MS,2,1.0,6,1.0,6,1.0,0.05234310000014375,True
X5Y5R5RB8.3,0,IS,7,1.0,35,1.75,20,1.0,0.10303139999996347,True
X5Y5R5RB8.3,0,PP,7,1.0,22,1.1,20,1.0,0.07638429999951768,True
X5Y5R5RB8.3,0,CBS-SOC,7,1.0,22,1.1,20,1.0,0.21034169999984442,True
X5Y5R5RB8.3,0,GICBS-SOC,7,1.0,22,1.1,20,1.0,0.16984580000007554,True
X5Y5R5RB8.3,0,ICBS-SOC,7,1.0,22,1.1,20,1.0,0.20721690000027593,True
X5Y5R5RB8.3,0,MCBS-SOC,7,1.0,22,1.1,22,1.1,0.20759350000025734,True
X5Y5R5RB8.3,0,MICBS-SOC,7,1.0,22,1.1,20,1.0,0.24708970000028785,True
X5Y5R5RB8.3,0,CBS-MS,7,1.0,24,1.2,20,1.0,0.34204219999992347,True
X5Y5R5RB8.3,0,GICBS-MS,7,1.0,22,1.1,20,1.0,0.1857038999996803,True
X5Y5R5RB8.3,0,ICBS-MS,7,1.0,22,1.1,20,1.0,0.22568419999970502,True
X5Y5R5RB8.3,0,MCBS-MS,7,1.0,24,1.2,22,1.1,0.23091120000026422,True
X5Y5R5RB8.3,0,MICBS-MS,7,1.0,22,1.1,20,1.0,0.215638200000285,True
X5Y5R5RB8.4,0,IS,5,1.0,10,1.0,20,2.0,1.7561160000004747,False
X5Y5R5RB8.4,0,PP,5,1.0,14,1.4,14,1.4,0.05211669999971491,True
X5Y5R5RB8.4,0,CBS-SOC,inf,inf,inf,inf,5,0.5,0.17220030000044062,True
X5Y5R5RB8.4,0,GICBS-SOC,inf,inf,inf,inf,5,0.5,0.1641632999999274,True
X5Y5R5RB8.4,0,ICBS-SOC,inf,inf,inf,inf,5,0.5,0.16354020000017044,True
X5Y5R5RB8.4,0,MCBS-SOC,5,1.0,14,1.4,14,1.4,0.12187519999952201,True
X5Y5R5RB8.4,0,MICBS-SOC,5,1.0,14,1.4,14,1.4,0.12944300000071962,True
X5Y5R5RB8.4,0,CBS-MS,5,1.0,14,1.4,14,1.4,0.24155709999922692,True
X5Y5R5RB8.4,0,GICBS-MS,5,1.0,14,1.4,14,1.4,0.3026446000003489,True
X5Y5R5RB8.4,0,ICBS-MS,5,1.0,14,1.4,14,1.4,0.2972183000001678,True
X5Y5R5RB8.4,0,MCBS-MS,5,1.0,14,1.4,14,1.4,0.1335516999997708,True
X5Y5R5RB8.4,0,MICBS-MS,5,1.0,14,1.4,14,1.4,0.129106899999897,True
X5Y5BNR1.1,0,IS,1,1.0,1,1.0,2,2.0,0.02715499999999993,True
X5Y5BNR1.1,0,PP,1,1.0,1,1.0,1,1.0,0.004548900000000078,True
X5Y5BNR1.1,0,CBS-SOC,1,1.0,1,1.0,1,1.0,0.011054999999999815,True
X5Y5BNR1.1,0,GICBS-SOC,1,1.0,1,1.0,1,1.0,0.009626299999999866,True
X5Y5BNR1.1,0,ICBS-SOC,1,1.0,1,1.0,1,1.0,0.00883529999999988,True
X5Y5BNR1.1,0,MCBS-SOC,1,1.0,1,1.0,1,1.0,0.013228699999999982,True
X5Y5BNR1.1,0,MICBS-SOC,1,1.0,1,1.0,1,1.0,0.008140400000000048,True
X5Y5BNR1.1,0,CBS-MS,1,1.0,1,1.0,1,1.0,0.010498899999999978,True
X5Y5BNR1.1,0,GICBS-MS,1,1.0,1,1.0,1,1.0,0.010890899999999926,True
X5Y5BNR1.1,0,ICBS-MS,1,1.0,1,1.0,1,1.0,0.010952300000000026,True
X5Y5BNR1.1,0,MCBS-MS,1,1.0,1,1.0,1,1.0,0.009417000000000009,True
X5Y5BNR1.1,0,MICBS-MS,1,1.0,1,1.0,1,1.0,0.008593100000000131,True
X5Y5BNR1.2,0,IS,5,1.0,5,1.0,10,2.0,0.02928609999999998,True
X5Y5BNR1.2,0,PP,5,1.0,5,1.0,5,1.0,0.01638990000000007,True
X5Y5BNR1.2,0,CBS-SOC,5,1.0,5,1.0,5,1.0,0.021272700000000144,True
X5Y5BNR1.2,0,GICBS-SOC,5,1.0,5,1.0,5,1.0,0.022595299999999874,True
X5Y5BNR1.2,0,ICBS-SOC,5,1.0,5,1.0,5,1.0,0.02095540000000007,True
X5Y5BNR1.2,0,MCBS-SOC,5,1.0,5,1.0,5,1.0,0.02035459999999989,True
X5Y5BNR1.2,0,MICBS-SOC,5,1.0,5,1.0,5,1.0,0.020070699999999997,True
X5Y5BNR1.2,0,CBS-MS,5,1.0,5,1.0,5,1.0,0.028080100000000163,True
X5Y5BNR1.2,0,GICBS-MS,5,1.0,5,1.0,5,1.0,0.021129100000000012,True
X5Y5BNR1.2,0,ICBS-MS,5,1.0,5,1.0,5,1.0,0.019722699999999982,True
X5Y5BNR1.2,0,MCBS-MS,5,1.0,5,1.0,5,1.0,0.021806299999999945,True
X5Y5BNR1.2,0,MICBS-MS,5,1.0,5,1.0,5,1.0,0.01885939999999997,True
X5Y5BNR1.3,0,IS,1,1.0,1,1.0,2,2.0,0.024648899999999863,True
X5Y5BNR1.3,0,PP,1,1.0,1,1.0,1,1.0,0.004056999999999977,True
X5Y5BNR1.3,0,CBS-SOC,1,1.0,1,1.0,1,1.0,0.010013099999999886,True
X5Y5BNR1.3,0,GICBS-SOC,1,1.0,1,1.0,1,1.0,0.010941199999999984,True
X5Y5BNR1.3,0,ICBS-SOC,1,1.0,1,1.0,1,1.0,0.009895399999999999,True
X5Y5BNR1.3,0,MCBS-SOC,1,1.0,1,1.0,1,1.0,0.009248300000000098,True
X5Y5BNR1.3,0,MICBS-SOC,1,1.0,1,1.0,1,1.0,0.01315120000000003,True
X5Y5BNR1.3,0,CBS-MS,1,1.0,1,1.0,1,1.0,0.009817600000000093,True
X5Y5BNR1.3,0,GICBS-MS,1,1.0,1,1.0,1,1.0,0.010351200000000116,True
X5Y5BNR1.3,0,ICBS-MS,1,1.0,1,1.0,1,1.0,0.010583500000000079,True
X5Y5BNR1.3,0,MCBS-MS,1,1.0,1,1.0,1,1.0,0.010474000000000094,True
X5Y5BNR1.3,0,MICBS-MS,1,1.0,1,1.0,1,1.0,0.012120199999999803,True
X5Y5BNR1.4,0,IS,3,1.0,3,1.0,6,2.0,0.02331660000000002,True
X5Y5BNR1.4,0,PP,3,1.0,3,1.0,3,1.0,0.010993599999999937,True
X5Y5BNR1.4,0,CBS-SOC,3,1.0,3,1.0,3,1.0,0.016372000000000053,True
X5Y5BNR1.4,0,GICBS-SOC,3,1.0,3,1.0,3,1.0,0.01587279999999991,True
X5Y5BNR1.4,0,ICBS-SOC,3,1.0,3,1.0,3,1.0,0.01552219999999993,True
X5Y5BNR1.4,0,MCBS-SOC,3,1.0,3,1.0,3,1.0,0.012864599999999893,True
X5Y5BNR1.4,0,MICBS-SOC,3,1.0,3,1.0,3,1.0,0.015340700000000096,True
X5Y5BNR1.4,0,CBS-MS,3,1.0,3,1.0,3,1.0,0.013412800000000002,True
X5Y5BNR1.4,0,GICBS-MS,3,1.0,3,1.0,3,1.0,0.013904000000000138,True
X5Y5BNR1.4,0,ICBS-MS,3,1.0,3,1.0,3,1.0,0.014347700000000074,True
X5Y5BNR1.4,0,MCBS-MS,3,1.0,3,1.0,3,1.0,0.014825099999999924,True
X5Y5BNR1.4,0,MICBS-MS,3,1.0,3,1.0,3,1.0,0.013306700000000005,True
X5Y5BNR2.1,0,IS,1,1.0,2,1.0,4,2.0,0.02348729999999999,True
X5Y5BNR2.1,0,PP,1,1.0,2,1.0,2,1.0,0.00979859999999988,True
X5Y5BNR2.1,0,CBS-SOC,1,1.0,2,1.0,2,1.0,0.019665299999999997,True
X5Y5BNR2.1,0,GICBS-SOC,1,1.0,2,1.0,2,1.0,0.015581400000000079,True
X5Y5BNR2.1,0,ICBS-SOC,1,1.0,2,1.0,2,1.0,0.019064599999999876,True
X5Y5BNR2.1,0,MCBS-SOC,1,1.0,2,1.0,2,1.0,0.019489499999999715,True
X5Y5BNR2.1,0,MICBS-SOC,1,1.0,2,1.0,2,1.0,0.015535700000000041,True
X5Y5BNR2.1,0,CBS-MS,1,1.0,2,1.0,2,1.0,0.016232299999999977,True
X5Y5BNR2.1,0,GICBS-MS,1,1.0,2,1.0,2,1.0,0.01629870000000011,True
X5Y5BNR2.1,0,ICBS-MS,1,1.0,2,1.0,2,1.0,0.014994799999999753,True
X5Y5BNR2.1,0,MCBS-MS,1,1.0,2,1.0,2,1.0,0.015813099999999913,True
X5Y5BNR2.1,0,MICBS-MS,1,1.0,2,1.0,2,1.0,0.017096099999999836,True
X5Y5BNR2.2,0,IS,3,1.0,6,1.2,10,2.0,0.03049000000000035,True
X5Y5BNR2.2,0,PP,3,1.0,5,1.0,5,1.0,0.015737000000000112,True
X5Y5BNR2.2,0,CBS-SOC,3,1.0,5,1.0,5,1.0,0.021124599999999827,True
X5Y5BNR2.2,0,GICBS-SOC,3,1.0,5,1.0,5,1.0,0.02528039999999976,True
X5Y5BNR2.2,0,ICBS-SOC,3,1.0,5,1.0,5,1.0,0.023248499999999783,True
X5Y5BNR2.2,0,MCBS-SOC,3,1.0,5,1.0,5,1.0,0.021270599999999806,True
X5Y5BNR2.2,0,MICBS-SOC,3,1.0,5,1.0,5,1.0,0.02299920000000011,True
X5Y5BNR2.2,0,CBS-MS,3,1.0,5,1.0,5,1.0,0.023255400000000037,True
X5Y5BNR2.2,0,GICBS-MS,3,1.0,5,1.0,5,1.0,0.03386860000000036,True
X5Y5BNR2.2,0,ICBS-MS,3,1.0,5,1.0,5,1.0,0.021346100000000146,True
X5Y5BNR2.2,0,MCBS-MS,3,1.0,5,1.0,5,1.0,0.026356100000000104,True
X5Y5BNR2.2,0,MICBS-MS,3,1.0,5,1.0,5,1.0,0.020427500000000265,True
X5Y5BNR2.3,0,IS,7,1.0,14,1.5555555555555556,18,2.0,0.03827530000000001,True
X5Y5BNR2.3,0,PP,7,1.0,9,1.0,9,1.0,0.022760700000000078,True
X5Y5BNR2.3,0,CBS-SOC,7,1.0,9,1.0,9,1.0,0.031804900000000025,True
X5Y5BNR2.3,0,GICBS-SOC,7,1.0,9,1.0,9,1.0,0.03375359999999983,True
X5Y5BNR2.3,0,ICBS-SOC,7,1.0,9,1.0,9,1.0,0.028633199999999803,True
X5Y5BNR2.3,0,MCBS-SOC,7,1.0,9,1.0,9,1.0,0.032892799999999944,True
X5Y5BNR2.3,0,MICBS-SOC,7,1.0,9,1.0,9,1.0,0.031689599999999984,True
X5Y5BNR2.3,0,CBS-MS,7,1.0,9,1.0,9,1.0,0.03214529999999982,True
X5Y5BNR2.3,0,GICBS-MS,7,1.0,9,1.0,9,1.0,0.03714030000000035,True
X5Y5BNR2.3,0,ICBS-MS,7,1.0,9,1.0,9,1.0,0.03266720000000012,True
X5Y5BNR2.3,0,MCBS-MS,7,1.0,9,1.0,9,1.0,0.03121620000000025,True
X5Y5BNR2.3,0,MICBS-MS,7,1.0,9,1.0,9,1.0,0.034893900000000144,True
X5Y5BNR2.4,0,IS,8,1.0,16,1.4545454545454546,22,2.0,0.045053699999999974,True
X5Y5BNR2.4,0,PP,8,1.0,11,1.0,11,1.0,0.029222299999999812,True
X5Y5BNR2.4,0,CBS-SOC,8,1.0,11,1.0,11,1.0,0.048752499999999976,True
X5Y5BNR2.4,0,GICBS-SOC,8,1.0,11,1.0,11,1.0,0.041068100000000385,True
X5Y5BNR2.4,0,ICBS-SOC,8,1.0,11,1.0,11,1.0,0.04002030000000012,True
X5Y5BNR2.4,0,MCBS-SOC,8,1.0,11,1.0,11,1.0,0.03639720000000013,True
X5Y5BNR2.4,0,MICBS-SOC,8,1.0,11,1.0,11,1.0,0.03949939999999996,True
X5Y5BNR2.4,0,CBS-MS,8,1.0,11,1.0,11,1.0,0.03698619999999986,True
X5Y5BNR2.4,0,GICBS-MS,8,1.0,11,1.0,11,1.0,0.03861970000000037,True
X5Y5BNR2.4,0,ICBS-MS,8,1.0,11,1.0,11,1.0,0.041129199999999866,True
X5Y5BNR2.4,0,MCBS-MS,8,1.0,11,1.0,11,1.0,0.054817100000000174,True
X5Y5BNR2.4,0,MICBS-MS,8,1.0,11,1.0,11,1.0,0.03890379999999993,True
X5Y5BNR3.1,0,IS,7,1.1666666666666667,21,1.5,14,1.0,0.060362899999999886,True
X5Y5BNR3.1,0,PP,6,1.0,15,1.0714285714285714,14,1.0,0.04593329999999973,True
X5Y5BNR3.1,0,CBS-SOC,6,1.0,15,1.0714285714285714,14,1.0,0.08886230000000017,True
X5Y5BNR3.1,0,GICBS-SOC,6,1.0,15,1.0714285714285714,14,1.0,0.09772099999999995,True
X5Y5BNR3.1,0,ICBS-SOC,6,1.0,15,1.0714285714285714,14,1.0,0.08954279999999981,True
X5Y5BNR3.1,0,MCBS-SOC,6,1.0,15,1.0714285714285714,14,1.0,0.09690490000000018,True
X5Y5BNR3.1,0,MICBS-SOC,6,1.0,15,1.0714285714285714,14,1.0,0.09106650000000016,True
X5Y5BNR3.1,0,CBS-MS,6,1.0,15,1.0714285714285714,14,1.0,0.09549450000000004,True
X5Y5BNR3.1,0,GICBS-MS,6,1.0,15,1.0714285714285714,14,1.0,0.1025961999999998,True
X5Y5BNR3.1,0,ICBS-MS,6,1.0,15,1.0714285714285714,14,1.0,0.09920970000000029,True
X5Y5BNR3.1,0,MCBS-MS,6,1.0,15,1.0714285714285714,14,1.0,0.0940076000000003,True
X5Y5BNR3.1,0,MICBS-MS,6,1.0,15,1.0714285714285714,14,1.0,0.09697569999999978,True
X5Y5BNR3.2,0,IS,4,1.3333333333333333,12,1.7142857142857142,7,1.0,0.045845100000000194,True
X5Y5BNR3.2,0,PP,3,1.0,7,1.0,7,1.0,0.020027100000000075,True
X5Y5BNR3.2,0,CBS-SOC,3,1.0,7,1.0,7,1.0,0.04147020000000001,True
X5Y5BNR3.2,0,GICBS-SOC,3,1.0,7,1.0,7,1.0,0.04215880000000016,True
X5Y5BNR3.2,0,ICBS-SOC,3,1.0,7,1.0,7,1.0,0.041621600000000036,True
X5Y5BNR3.2,0,MCBS-SOC,3,1.0,7,1.0,7,1.0,0.04103849999999998,True
X5Y5BNR3.2,0,MICBS-SOC,3,1.0,7,1.0,7,1.0,0.03985169999999982,True
X5Y5BNR3.2,0,CBS-MS,3,1.0,7,1.0,7,1.0,0.04225920000000016,True
X5Y5BNR3.2,0,GICBS-MS,3,1.0,7,1.0,7,1.0,0.037963999999999665,True
X5Y5BNR3.2,0,ICBS-MS,3,1.0,7,1.0,7,1.0,0.03652560000000005,True
X5Y5BNR3.2,0,MCBS-MS,3,1.0,7,1.0,7,1.0,0.03920550000000045,True
X5Y5BNR3.2,0,MICBS-MS,3,1.0,7,1.0,7,1.0,0.03909839999999942,True
X5Y5BNR3.3,0,IS,6,1.5,18,2.25,8,1.0,0.055773799999999873,False
X5Y5BNR3.3,0,PP,4,1.0,10,1.25,10,1.25,0.025833500000000065,True
X5Y5BNR3.3,0,CBS-SOC,4,1.0,10,1.25,10,1.25,0.12701480000000043,True
X5Y5BNR3.3,0,GICBS-SOC,6,1.5,10,1.25,10,1.25,0.15870370000000023,True
X5Y5BNR3.3,0,ICBS-SOC,4,1.0,10,1.25,10,1.25,0.1554184000000003,True
X5Y5BNR3.3,0,MCBS-SOC,4,1.0,10,1.25,10,1.25,0.08451280000000061,True
X5Y5BNR3.3,0,MICBS-SOC,4,1.0,10,1.25,10,1.25,0.08904210000000035,True
X5Y5BNR3.3,0,CBS-MS,4,1.0,10,1.25,10,1.25,0.10754490000000061,True
X5Y5BNR3.3,0,GICBS-MS,4,1.0,10,1.25,10,1.25,0.11049750000000014,True
X5Y5BNR3.3,0,ICBS-MS,4,1.0,10,1.25,10,1.25,0.10093440000000076,True
X5Y5BNR3.3,0,MCBS-MS,4,1.0,10,1.25,10,1.25,0.07723049999999976,True
X5Y5BNR3.3,0,MICBS-MS,4,1.0,10,1.25,10,1.25,0.08699450000000031,True
X5Y5BNR3.4,0,IS,11,1.2222222222222223,33,1.8333333333333333,18,1.0,0.08194610000000058,True
X5Y5BNR3.4,0,PP,11,1.2222222222222223,20,1.1111111111111112,18,1.0,0.08562500000000028,True
X5Y5BNR3.4,0,CBS-SOC,11,1.2222222222222223,20,1.1111111111111112,18,1.0,0.4345118999999995,True
X5Y5BNR3.4,0,GICBS-SOC,11,1.2222222222222223,20,1.1111111111111112,18,1.0,0.5700374000000004,True
X5Y5BNR3.4,0,ICBS-SOC,11,1.2222222222222223,20,1.1111111111111112,18,1.0,0.5805474999999998,True
X5Y5BNR3.4,0,MCBS-SOC,11,1.2222222222222223,20,1.1111111111111112,18,1.0,0.39486730000000136,True
X5Y5BNR3.4,0,MICBS-SOC,11,1.2222222222222223,25,1.3888888888888888,22,1.2222222222222223,0.7883335000000002,True
X5Y5BNR3.4,0,CBS-MS,11,1.2222222222222223,20,1.1111111111111112,18,1.0,1.5564041,True
X5Y5BNR3.4,0,GICBS-MS,11,1.2222222222222223,20,1.1111111111111112,18,1.0,0.7116174999999991,True
X5Y5BNR3.4,0,ICBS-MS,11,1.2222222222222223,20,1.1111111111111112,18,1.0,1.4507504000000004,True
X5Y5BNR3.4,0,MCBS-MS,11,1.2222222222222223,20,1.1111111111111112,18,1.0,0.416598500000001,True
X5Y5BNR3.4,0,MICBS-MS,11,1.2222222222222223,25,1.3888888888888888,22,1.2222222222222223,0.6516254000000004,True
X5Y5BNR4.1,0,IS,11,1.0,44,1.76,50,2.0,0.07520910000000036,False
X5Y5BNR4.1,0,PP,11,1.0,25,1.0,25,1.0,0.07850100000000104,True
X5Y5BNR4.1,0,CBS-SOC,11,1.0,25,1.0,25,1.0,0.11322700000000019,True
X5Y5BNR4.1,0,GICBS-SOC,11,1.0,25,1.0,25,1.0,0.13667419999999986,True
X5Y5BNR4.1,0,ICBS-SOC,11,1.0,25,1.0,25,1.0,0.12901900000000133,True
X5Y5BNR4.1,0,MCBS-SOC,11,1.0,25,1.0,25,1.0,0.12427279999999996,True
X5Y5BNR4.1,0,MICBS-SOC,11,1.0,25,1.0,25,1.0,0.1253504000000003,True
X5Y5BNR4.1,0,CBS-MS,11,1.0,25,1.0,25,1.0,0.12266110000000019,True
X5Y5BNR4.1,0,GICBS-MS,11,1.0,25,1.0,25,1.0,0.12941849999999988,True
X5Y5BNR4.1,0,ICBS-MS,11,1.0,25,1.0,25,1.0,0.11985270000000092,True
X5Y5BNR4.1,0,MCBS-MS,11,1.0,25,1.0,25,1.0,0.12241619999999998,True
X5Y5BNR4.1,0,MICBS-MS,11,1.0,25,1.0,25,1.0,0.1218938000000005,True
X5Y5BNR4.2,0,IS,4,1.3333333333333333,12,1.2,10,1.0,1.4275450000000003,False
X5Y5BNR4.2,0,PP,9,3.0,16,1.6,16,1.6,0.05110170000000025,True
X5Y5BNR4.2,0,CBS-SOC,3,1.0,10,1.0,10,1.0,0.08220830000000134,True
X5Y5BNR4.2,0,GICBS-SOC,3,1.0,10,1.0,10,1.0,0.08734080000000333,True
X5Y5BNR4.2,0,ICBS-SOC,3,1.0,10,1.0,10,1.0,0.09035430000000133,True
X5Y5BNR4.2,0,MCBS-SOC,3,1.0,10,1.0,10,1.0,0.0817175999999975,True
X5Y5BNR4.2,0,MICBS-SOC,3,1.0,10,1.0,10,1.0,0.09896610000000194,True
X5Y5BNR4.2,0,CBS-MS,3,1.0,10,1.0,10,1.0,0.0871959000000011,True
X5Y5BNR4.2,0,GICBS-MS,3,1.0,10,1.0,10,1.0,0.0871916999999982,True
X5Y5BNR4.2,0,ICBS-MS,3,1.0,10,1.0,10,1.0,0.08138050000000163,True
X5Y5BNR4.2,0,MCBS-MS,3,1.0,10,1.0,10,1.0,0.08479159999999908,True
X5Y5BNR4.2,0,MICBS-MS,3,1.0,10,1.0,10,1.0,0.08176590000000061,True
X5Y5BNR4.3,0,IS,3,1.0,12,1.2,20,2.0,0.047155599999999964,False
X5Y5BNR4.3,0,PP,4,1.3333333333333333,13,1.3,12,1.2,0.03256070000000122,True
X5Y5BNR4.3,0,CBS-SOC,4,1.3333333333333333,13,1.3,12,1.2,0.18056789999999978,True
X5Y5BNR4.3,0,GICBS-SOC,4,1.3333333333333333,13,1.3,12,1.2,0.2415087000000007,True
X5Y5BNR4.3,0,ICBS-SOC,4,1.3333333333333333,13,1.3,12,1.2,0.19786870000000079,True
X5Y5BNR4.3,0,MCBS-SOC,3,1.0,6,0.6,6,0.6,1.0565397999999995,True
X5Y5BNR4.3,0,MICBS-SOC,3,1.0,6,0.6,6,0.6,1.1258463000000027,True
X5Y5BNR4.3,0,CBS-MS,4,1.3333333333333333,13,1.3,12,1.2,0.12455159999999665,True
X5Y5BNR4.3,0,GICBS-MS,4,1.3333333333333333,13,1.3,12,1.2,0.1511357000000011,True
X5Y5BNR4.3,0,ICBS-MS,4,1.3333333333333333,13,1.3,12,1.2,0.12238289999999807,True
X5Y5BNR4.3,0,MCBS-MS,3,1.0,12,1.2,12,1.2,0.09500450000000171,True
X5Y5BNR4.3,0,MICBS-MS,3,1.0,6,0.6,6,0.6,1.2567737,True
X5Y5BNR4.4,0,IS,7,1.0,28,2.1538461538461537,26,2.0,0.08498540000000077,True
X5Y5BNR4.4,0,PP,7,1.0,13,1.0,13,1.0,0.06445070000000186,True
X5Y5BNR4.4,0,CBS-SOC,7,1.0,13,1.0,13,1.0,0.08376140000000021,True
X5Y5BNR4.4,0,GICBS-SOC,7,1.0,13,1.0,13,1.0,0.07726650000000035,True
X5Y5BNR4.4,0,ICBS-SOC,7,1.0,13,1.0,13,1.0,0.08003609999999739,True
X5Y5BNR4.4,0,MCBS-SOC,7,1.0,13,1.0,13,1.0,0.07245749999999873,True
X5Y5BNR4.4,0,MICBS-SOC,7,1.0,13,1.0,13,1.0,0.07423929999999856,True
X5Y5BNR4.4,0,CBS-MS,7,1.0,13,1.0,13,1.0,0.07936130000000219,True
X5Y5BNR4.4,0,GICBS-MS,7,1.0,13,1.0,13,1.0,0.07313399999999959,True
X5Y5BNR4.4,0,ICBS-MS,7,1.0,13,1.0,13,1.0,0.07265310000000014,True
X5Y5BNR4.4,0,MCBS-MS,7,1.0,13,1.0,13,1.0,0.08944490000000016,True
X5Y5BNR4.4,0,MICBS-MS,7,1.0,13,1.0,13,1.0,0.07042300000000168,True
X5Y5BNR5.1,0,IS,10,2.0,50,3.3333333333333335,17,1.1333333333333333,0.15019279999999924,True
X5Y5BNR5.1,0,PP,6,1.2,17,1.1333333333333333,17,1.1333333333333333,0.0900742000000001,True
X5Y5BNR5.1,0,CBS-SOC,6,1.2,17,1.1333333333333333,15,1.0,0.3204913000000005,True
X5Y5BNR5.1,0,GICBS-SOC,6,1.2,17,1.1333333333333333,17,1.1333333333333333,0.3541331999999997,True
X5Y5BNR5.1,0,ICBS-SOC,6,1.2,17,1.1333333333333333,15,1.0,0.41532630000000026,True
X5Y5BNR5.1,0,MCBS-SOC,6,1.2,17,1.1333333333333333,17,1.1333333333333333,0.3406167999999994,True
X5Y5BNR5.1,0,MICBS-SOC,6,1.2,17,1.1333333333333333,17,1.1333333333333333,0.39800229999999814,True
X5Y5BNR5.1,0,CBS-MS,6,1.2,17,1.1333333333333333,15,1.0,0.4168725000000002,True
X5Y5BNR5.1,0,GICBS-MS,6,1.2,17,1.1333333333333333,17,1.1333333333333333,0.25899040000000184,True
X5Y5BNR5.1,0,ICBS-MS,6,1.2,17,1.1333333333333333,15,1.0,0.38072400000000073,True
X5Y5BNR5.1,0,MCBS-MS,6,1.2,17,1.1333333333333333,17,1.1333333333333333,0.26275099999999796,True
X5Y5BNR5.1,0,MICBS-MS,6,1.2,17,1.1333333333333333,17,1.1333333333333333,0.461534799999999,True
X5Y5BNR5.2,0,IS,4,1.0,20,2.0,20,2.0,0.05255730000000014,False
X5Y5BNR5.2,0,PP,4,1.0,12,1.2,12,1.2,0.04526070000000004,True
X5Y5BNR5.2,0,CBS-SOC,4,1.0,12,1.2,12,1.2,0.18357340000000022,True
X5Y5BNR5.2,0,GICBS-SOC,6,1.5,12,1.2,12,1.2,0.1931863000000007,True
X5Y5BNR5.2,0,ICBS-SOC,4,1.0,12,1.2,12,1.2,0.16840720000000076,True
X5Y5BNR5.2,0,MCBS-SOC,4,1.0,13,1.3,12,1.2,0.22679350000000298,True
X5Y5BNR5.2,0,MICBS-SOC,4,1.0,12,1.2,12,1.2,0.17683139999999753,True
X5Y5BNR5.2,0,CBS-MS,4,1.0,12,1.2,12,1.2,0.11738490000000112,True
X5Y5BNR5.2,0,GICBS-MS,4,1.0,12,1.2,12,1.2,0.17870419999999854,True
X5Y5BNR5.2,0,ICBS-MS,4,1.0,12,1.2,12,1.2,0.10087259999999887,True
X5Y5BNR5.2,0,MCBS-MS,4,1.0,13,1.3,12,1.2,0.13337150000000264,True
X5Y5BNR5.2,0,MICBS-MS,4,1.0,12,1.2,12,1.2,0.13429470000000165,True
X5Y5BNR5.3,0,IS,6,1.5,30,2.142857142857143,14,1.0,0.11376679999999695,False
X5Y5BNR5.3,0,PP,4,1.0,18,1.2857142857142858,16,1.1428571428571428,0.07381559999999965,True
X5Y5BNR5.3,0,CBS-SOC,4,1.0,14,1.0,14,1.0,0.10064270000000164,True
X5Y5BNR5.3,0,GICBS-SOC,4,1.0,14,1.0,14,1.0,0.10704430000000187,True
X5Y5BNR5.3,0,ICBS-SOC,4,1.0,14,1.0,14,1.0,0.10224240000000151,True
X5Y5BNR5.3,0,MCBS-SOC,4,1.0,14,1.0,14,1.0,0.10768269999999802,True
X5Y5BNR5.3,0,MICBS-SOC,4,1.0,14,1.0,14,1.0,0.09226419999999891,True
X5Y5BNR5.3,0,CBS-MS,4,1.0,14,1.0,14,1.0,0.09839140000000057,True
X5Y5BNR5.3,0,GICBS-MS,4,1.0,14,1.0,14,1.0,0.0947825999999985,True
X5Y5BNR5.3,0,ICBS-MS,4,1.0,14,1.0,14,1.0,0.09755679999999955,True
X5Y5BNR5.3,0,MCBS-MS,4,1.0,14,1.0,14,1.0,0.11858570000000057,True
X5Y5BNR5.3,0,MICBS-MS,4,1.0,14,1.0,14,1.0,0.10287070000000043,True
X5Y5BNR5.4,0,IS,10,1.4285714285714286,50,2.9411764705882355,21,1.2352941176470589,0.13369420000000076,True
X5Y5BNR5.4,0,PP,7,1.0,24,1.411764705882353,17,1.0,0.08274779999999993,True
X5Y5BNR5.4,0,CBS-SOC,7,1.0,24,1.411764705882353,17,1.0,0.3234989000000006,True
X5Y5BNR5.4,0,GICBS-SOC,7,1.0,24,1.411764705882353,17,1.0,0.24144890000000174,True
X5Y5BNR5.4,0,ICBS-SOC,7,1.0,24,1.411764705882353,17,1.0,0.3573896000000012,True
X5Y5BNR5.4,0,MCBS-SOC,7,1.0,24,1.411764705882353,17,1.0,0.4157157999999974,True
X5Y5BNR5.4,0,MICBS-SOC,8,1.1428571428571428,30,1.7647058823529411,21,1.2352941176470589,1.0183371000000037,True
X5Y5BNR5.4,0,CBS-MS,7,1.0,27,1.588235294117647,17,1.0,0.6108753000000036,True
X5Y5BNR5.4,0,GICBS-MS,7,1.0,24,1.411764705882353,17,1.0,0.3237053000000003,True
X5Y5BNR5.4,0,ICBS-MS,7,1.0,24,1.411764705882353,17,1.0,0.36309169999999824,True
X5Y5BNR5.4,0,MCBS-MS,7,1.0,27,1.588235294117647,23,1.3529411764705883,0.5072876999999991,True
X5Y5BNR5.4,0,MICBS-MS,8,1.1428571428571428,30,1.7647058823529411,21,1.2352941176470589,2.077114100000003,True
